{
  "resourceType": "CapabilityStatement",
  "id": "capabilitystatement-daf-research-queryresponder",
  "text": {
    "status": "generated",
    "div": "<div xmlns=\"http://www.w3.org/1999/xhtml\">\n      \n      <h2>DAF Research Query Responder</h2>\n      \n\t  <p>Published: 2016-08-10</p>\n      \n      <p>Published by: \n        <b>\n          \n          <a href=\"http://www.healthit.gov/\">U.S. Office of the National Coordinator (ONC)</a>\n        \n        </b>\n      \n      </p>\n      \n      <p>This profile defines the expected capabilities of the <i>Research Query Responder</i> actor when conforming to the <a href=\"daf-research.html\">DAF-Research IG</a>. The statement includes the complete list of actual profiles, RESTful operations, search parameters supported by a Research Query Responder.\n      </p>\n\t  \n\t  <h2>General</h2>\n      \n      <table>\n        \n        <tbody>\n          \n          <tr>\n            \n            <th>FHIR Version:</th>\n            <td>$ver$</td>\n          \n          </tr>\n          \n          <tr>\n            \n            <th>Supported formats:</th>\n            <td>json and xml</td>\n          \n          </tr>\n        \n        </tbody>\n      \n      </table>\n\t  \n\t  <h2>REST  behavior</h2>\n      \n      <p>The Research Query Responder SHALL implement REST behavior according to the <a href=\"http://hl7-fhir.github.io/http.html\">FHIR</a> specification. The Research Query Responder SHALL use either DAF-Core or DAF-Research profiles as needed to create query results. The Research Query Responder SHALL support both json and xml resource formats for all DAF interactions. The Research Query Responder SHALL identify the DAF profile(s) supported as part of the FHIR BaseResource.Meta.profile attribute for each instance. The Research Query Responder SHALL declare a Capability statement and identify the list of profiles, operations, search parameters supported.\n      </p>\n      \n      <p>\n        \n        <b>Security:</b>\n      \n      </p>\n      \n      <p>Research Query Responder are advised to implement security requirements according to their existing protocols for query execution and returning results. However Research Query Responders implementing DAF-Core IG can reuse their security protocols for data translation and loading purposes as applicable.\n      </p>\n\t  \n\t  <h3>RESTful Operations Summary</h3>\n      \n      <table class=\"grid\">\n        \n        <thead>\n          \n          <tr>\n            \n            <th>Resource(Profile Name)</th>\n            \n            <th>\n              <a href=\"http://hl7-fhir.github.io/valueset-type-restful-interaction.html\">Search</a>\n            </th>\n            \n            <th>\n              <a href=\"http://hl7-fhir.github.io/valueset-type-restful-interaction.html\">Read</a>\n            </th>\n            \n            <th>\n              <a href=\"http://hl7-fhir.github.io/valueset-type-restful-interaction.html\">Version Read</a>\n            </th>\n            \n            <th>\n              <a href=\"http://hl7-fhir.github.io/valueset-type-restful-interaction.html\">Instance History</a>\n            </th>\n          \n\t\t\t<th>\n              <a href=\"http://hl7-fhir.github.io/valueset-type-restful-interaction.html\">Create</a>\n            </th>\n\t\t\t\n\t\t\t<th>\n              <a href=\"http://hl7-fhir.github.io/valueset-type-restful-interaction.html\">Update</a>\n            </th>\n\t\t\t\n          </tr>\n        \n        </thead>\n        \n        <tbody>\n          \n          <tr>\n            \n            <th>\n              <a href=\"daf-task.html\">DAF-Task</a>\n            </th>\n            \n            <td>\n              \n              <a href=\"#DAFTaskSearch\" title=\"Allows discovery of DAF-Task resources based on different search criteria\">SHALL</a>\n            \n            </td>\n            \n            <td>\n              \n              <a title=\"Allows retrieval of a specific DAF-Task by resource id\">SHALL</a>\n            \n            </td>\n            \n            <td>\n              \n              <a title=\"Allows retrieval of a historical version of a DAF-Task\">SHALL</a>\n            \n            </td>\n            \n            <td>\n              \n              <a title=\"Allows review of changes to DAF-Task over time\">SHALL</a>\n            \n            </td>\n\t\t\t\n\t\t\t<td>\n              \n              <a title=\"Allows creation of DAF-Task\">SHALL</a>\n            \n            </td>\n\t\t\t\n\t\t\t<td>\n              \n              <a title=\"Allows updates to DAF-Task\">SHALL</a>\n            \n            </td>\n          \n          </tr>\n\t\t  \n\t\t  <tr>\n            \n            <th>\n              <a href=\"daf-queryresults.html\">DAF-QueryResults</a>\n            </th>\n            \n            <td>\n              \n              <a href=\"#DAFQueryResultsSearch\" title=\"Allows discovery of DAF-QueryResults resources based on different search criteria\">SHALL</a>\n            \n            </td>\n            \n            <td>\n              \n              <a title=\"Allows retrieval of a specific DAF-QueryResults by resource id\">SHALL</a>\n            \n            </td>\n            \n            <td>\n              \n              <a title=\"Allows retrieval of a historical version of a DAF-QueryResults\">SHALL</a>\n            \n            </td>\n            \n            <td>\n              \n              <a title=\"Allows review of changes to DAF-QueryResults over time\">SHALL</a>\n            \n            </td>\n\t\t\t\n\t\t\t<td>\n              \n              <a title=\"Allows creation of DAF-QueryResults\">SHALL</a>\n            \n            </td>\n\t\t\t\n\t\t\t<td>\n              \n              <a title=\"Allows updates to DAF-QueryResults\">SHALL</a>\n            \n            </td>\n          \n          </tr>\n\t\t  \n\t\t  <tr>\n            \n            <th>\n              <a href=\"daf-provenance.html\">DAF-Provenance</a>\n            </th>\n            \n            <td>\n              \n              <a href=\"#DAFProvenanceSearch\" title=\"Allows discovery of DAF-Provenance resources based on different search criteria\">SHALL</a>\n            \n            </td>\n            \n            <td>\n              \n              <a title=\"Allows retrieval of a specific DAF-Provenance by resource id\">SHALL</a>\n            \n            </td>\n            \n            <td>\n              \n              <a title=\"Allows retrieval of a historical version of a DAF-Provenance\">SHALL</a>\n            \n            </td>\n            \n            <td>\n              \n              <a title=\"Allows review of changes to DAF-Provenance over time\">SHALL</a>\n            \n            </td>\n\t\t\t\n\t\t\t<td>\n              \n              <a title=\"Allows creation of DAF-Provenance\">SHALL</a>\n            \n            </td>\n\t\t\t\n\t\t\t<td>\n              \n              <a title=\"Allows updates to DAF-Provenance\">SHALL</a>\n            \n            </td>\n          \n          </tr>\n\t\t  \n\t\t  <tr>\n            \n            <th>\n              <a href=\"daf-operationdefinition.html\">DAF-OperationDefinition</a>\n            </th>\n            \n            <td>\n              \n              <a href=\"#DAFOperationDefinitionSearch\" title=\"Allows discovery of DAF-OperationDefinition resources based on different search criteria\">SHALL</a>\n            \n            </td>\n            \n            <td>\n              \n              <a title=\"Allows retrieval of a specific DAF-OperationDefinition by resource id\">SHALL</a>\n            \n            </td>\n            \n            <td>\n              \n              <a title=\"Allows retrieval of a historical version of a DAF-OperationDefinition\">SHALL</a>\n            \n            </td>\n            \n            <td>\n              \n              <a title=\"Allows review of changes to DAF-OperationDefinition over time\">SHALL</a>\n            \n            </td>\n\t\t\t\n\t\t\t<td>\n              \n              <a title=\"Allows creation of DAF-OperationDefinition\">SHALL</a>\n            \n            </td>\n\t\t\t\n\t\t\t<td>\n              \n              <a title=\"Allows updates to DAF-OperationDefinition\">SHALL</a>\n            \n            </td>\n          \n          </tr>\n\t\t  \n\t\t </tbody>\n\t\t \n\t</table>\n\t\n\t  <br/>\n      \n      <br/>\n\t  \n      <h3>Research Query Responder Search Parameters</h3>\n\t  \n      <p>Research Query Responder SHALL support the following common parameters as part of queries related to DAF-Research profiles:</p>\n\t  \n      <ul>\n\t     \n        <li>\n          <a href=\"http://hl7-fhir.github.io/search.html#id\">_id</a>\n        </li>\n\t\t \n        <li>\n          <a href=\"http://hl7-fhir.github.io/search.html#lastUpdated\">_lastUpdated</a>\n        </li>\n\t\t \n        <li>\n          <a href=\"http://hl7-fhir.github.io/search.html#profile\">_profile</a>\n        </li>\n\t\t \n        <li>\n          <a href=\"http://hl7-fhir.github.io/search.html#count\">_count</a>\n        </li>\n\t\t \n        <li>\n          <a href=\"http://hl7-fhir.github.io/search.html#include\">_include</a>\n        </li>\n\t  \n      </ul>\n\t \n      <p>Research Query Responders SHALL support the following search contexts defined within the \n        <a href=\"http://hl7-fhir.github.io/search.html#Introduction\">FHIR</a>specification.\n      </p> \n\t\n      <ul>\n\t\t\n        <li>Search context by specifying a particular resource type</li>\n\t\n      </ul>\n\t\n      <p>Research Query Responders SHALL support \n        <a href=\"http://hl7-fhir.github.io/search.html#Modifiers\">Modifiers</a> as applicable to the data types of the search parameters. Research Query Responders SHALL also support \n        <a href=\"http://hl7-fhir.github.io/search.html#Composite Search Parameters\">Composite Search Parameters</a> as defined in the FHIR specification.\n      </p>\n\t  \n\t  <table class=\"grid\">\n        \n        <thead>\n          \n          <tr>\n            \n            <th>Resource Name</th>\n            \n            <th>Search and Include Parameters</th>\n          \n          </tr>\n        \n        </thead>\n        \n        <tbody>\n          \n          <tr>\n\t\t\t\n            <td id=\"DAFTaskSearch\">DAF-Task</td>\n\t\t\t\n            <td>\n\t\t\t\t\n              <ul>\n\t\t\t  \n\t\t\t\t<li>\n                  <a href=\"http://hl7-fhir.github.io/task.html#search\">id</a> - Search based on resource id (\n                  <a href=\"http://hl7-fhir.github.io/search.html#string\">string</a>)\n                </li>\n\t\t\t\t\n\t\t\t\t<li>\n                  <a href=\"http://hl7-fhir.github.io/task.html#search\">identifier</a> - Search based on Task identifier (\n                  <a href=\"http://hl7-fhir.github.io/search.html#token\">token</a>)\n                </li>\n\t\t\t\t\t\n\t\t\t\t<li>\n                  <a href=\"http://hl7-fhir.github.io/task.html#search\">code</a> - Search based on Task code (\n                  <a href=\"http://hl7-fhir.github.io/search.html#token\">token</a>)\n                </li>\n\t\t\t\t\n\t\t\t\t<li>\n                  <a href=\"http://hl7-fhir.github.io/task.html#search\">status</a> - Search based on Task status (\n                  <a href=\"http://hl7-fhir.github.io/search.html#token\">token</a>)\n                </li>\n                \n\t\t\t\t<li>\n                  <a href=\"http://hl7-fhir.github.io/task.html#search\">parent</a> - Search based on Task parent (\n                  <a href=\"http://hl7-fhir.github.io/search.html#token\">reference</a>)\n                </li>\n\t\t\t\t\n\t\t\t\t<li>\n                  <a href=\"http://hl7-fhir.github.io/task.html#search\">owner</a> - Search based on Task parent (\n                  <a href=\"http://hl7-fhir.github.io/search.html#token\">reference</a>)\n                </li>\n\t\t\t\t\n\t\t\t\t<li>\n                  <a href=\"http://hl7-fhir.github.io/task.html#search\">performer</a> - Search based on Task parent (\n                  <a href=\"http://hl7-fhir.github.io/search.html#token\">reference</a>)\n                </li>\n\t\t\t\t\n\t\t\t\t<li>\n                  <a href=\"http://hl7-fhir.github.io/task.html#search\">requester</a> - Search based on Task parent (\n                  <a href=\"http://hl7-fhir.github.io/search.html#token\">reference</a>)\n                </li>\n\t\t\t\t\n              </ul>\n\t\t\t\n            </td>\n\t\t  \n          </tr>\n\t\t  \n\t\t  <tr>\n\t\t\t\n            <td id=\"DAFProvenanceSearch\">DAF-Provenance</td>\n\t\t\t\n            <td>\n\t\t\t\t\n              <ul>\n\t\t\n\t\t\t\t<li>\n                  <a href=\"http://hl7-fhir.github.io/task.html#search\">target</a> - Search based on Provenance target (\n                  <a href=\"http://hl7-fhir.github.io/search.html#token\">reference</a>)\n                </li>\n\t\t\t\t\n\t\t\t\t<li>\n                  <a href=\"http://hl7-fhir.github.io/task.html#search\">start</a> - Search based on Provenance start time (\n                  <a href=\"http://hl7-fhir.github.io/search.html#token\">date</a>)\n                </li>\n\t\t\t\t\n\t\t\t\t<li>\n                  <a href=\"http://hl7-fhir.github.io/task.html#search\">end</a> - Search based on Provenance end time (\n                  <a href=\"http://hl7-fhir.github.io/search.html#token\">date</a>)\n                </li>\n                \n              </ul>\n\t\t\t\n            </td>\n\t\t  \n          </tr>\n\t\t  \n\t\t</tbody>\n\t\t\n\t</table>\n\t\n\t  <h3>DAF-Research Specific Operations</h3>\n\t  \n\t  <p>Data Marts SHALL support <a href=\"http://hl7.org/fhir/current/daf/OperationDefinition-daf-execute-query.html\">daf-execute-query</a> operation on the ROOT URL of the system.</p>\n\t  <p>Data Marts SHALL publish their Capability statement using the DAF-Capability profile and identify the specific operations supported.</p>\n\t  \n    </div>"
  },
  "name": "Research Query Responder",
  "status": "draft",
  "date": "2016-08-10",
  "publisher": "U.S. Office of the National Coordinator (ONC)",
  "contact": [
    {
      "telecom": [
        {
          "system": "other",
          "value": "http://www.healthit.gov/"
        }
      ]
    }
  ],
  "description": "This profile defines the expected capabilities of the Research Query Responder actor when conforming to the DAF-Research IG.",
  "kind": "requirements",
  "fhirVersion": "1.0.0",
  "acceptUnknown": "extensions",
  "format": [
    "xml",
    "json"
  ],
  "profile": [
    {
      "reference": "http://hl7.org/fhir/current/daf/daf-task.html"
    },
    {
      "reference": "http://hl7.org/fhir/current/daf/daf-provenance.html"
    },
    {
      "reference": "http://hl7.org/fhir/current/daf/daf-operationdefinition.html"
    },
    {
      "reference": "http://hl7.org/fhir/current/daf/daf-queryresults.html"
    }
  ],
  "rest": [
    {
      "mode": "server",
      "documentation": "The Research Query Responder SHALL support the DAF-Task, DAF-Capability, DAF-OperationDefinition profiles along with the daf-execute-query operation",
      "security": {
        "description": "Research Query Responder SHALL use appropriate security protocols for data tranlation and loading."
      },
      "resource": [
        {
          "type": "Task",
          "profile": {
            "reference": "http://hl7.org/fhir/current/daf/daf-task.html"
          },
          "interaction": [
            {
              "extension": [
                {
                  "url": "http://hl7.org/fhir/StructureDefinition/capabilitystatement-expectation",
                  "valueCode": "SHALL"
                }
              ],
              "code": "search-type",
              "documentation": "Allows discovery of existing DAF-Task resources using different search criteria"
            },
            {
              "extension": [
                {
                  "url": "http://hl7.org/fhir/StructureDefinition/capabilitystatement-expectation",
                  "valueCode": "SHALL"
                }
              ],
              "code": "read",
              "documentation": "Allows retrieval of a specific DAF-Task by id"
            },
            {
              "extension": [
                {
                  "url": "http://hl7.org/fhir/StructureDefinition/capabilitystatement-expectation",
                  "valueCode": "SHALL"
                }
              ],
              "code": "history-instance",
              "documentation": "Allows review of changes to DAF-Task instance over time"
            },
            {
              "extension": [
                {
                  "url": "http://hl7.org/fhir/StructureDefinition/capabilitystatement-expectation",
                  "valueCode": "SHALL"
                }
              ],
              "code": "vread",
              "documentation": "Allows retrieval of a historical version of a DAF-Task instance"
            },
            {
              "extension": [
                {
                  "url": "http://hl7.org/fhir/StructureDefinition/capabilitystatement-expectation",
                  "valueCode": "SHALL"
                }
              ],
              "code": "create",
              "documentation": "Allows creation of a DAF-Task instance"
            },
            {
              "extension": [
                {
                  "url": "http://hl7.org/fhir/StructureDefinition/capabilitystatement-expectation",
                  "valueCode": "SHALL"
                }
              ],
              "code": "update",
              "documentation": "Allows updation of a DAF-Task instance"
            }
          ],
          "searchParam": [
            {
              "extension": [
                {
                  "url": "http://hl7.org/fhir/StructureDefinition/capabilitystatement-expectation",
                  "valueCode": "SHALL"
                }
              ],
              "name": "identifier",
              "type": "token"
            },
            {
              "extension": [
                {
                  "url": "http://hl7.org/fhir/StructureDefinition/capabilitystatement-expectation",
                  "valueCode": "SHALL"
                }
              ],
              "name": "status",
              "type": "token"
            },
            {
              "extension": [
                {
                  "url": "http://hl7.org/fhir/StructureDefinition/capabilitystatement-expectation",
                  "valueCode": "SHALL"
                }
              ],
              "name": "code",
              "type": "token"
            },
            {
              "extension": [
                {
                  "url": "http://hl7.org/fhir/StructureDefinition/capabilitystatement-expectation",
                  "valueCode": "SHALL"
                }
              ],
              "name": "parent",
              "type": "reference"
            },
            {
              "extension": [
                {
                  "url": "http://hl7.org/fhir/StructureDefinition/capabilitystatement-expectation",
                  "valueCode": "SHALL"
                }
              ],
              "name": "owner",
              "type": "reference"
            },
            {
              "extension": [
                {
                  "url": "http://hl7.org/fhir/StructureDefinition/capabilitystatement-expectation",
                  "valueCode": "SHALL"
                }
              ],
              "name": "performer",
              "type": "reference"
            },
            {
              "extension": [
                {
                  "url": "http://hl7.org/fhir/StructureDefinition/capabilitystatement-expectation",
                  "valueCode": "SHALL"
                }
              ],
              "name": "requester",
              "type": "reference"
            }
          ]
        },
        {
          "type": "Provenance",
          "profile": {
            "reference": "http://hl7.org/fhir/current/daf/daf-provenance.html"
          },
          "interaction": [
            {
              "extension": [
                {
                  "url": "http://hl7.org/fhir/StructureDefinition/capabilitystatement-expectation",
                  "valueCode": "SHALL"
                }
              ],
              "code": "search-type",
              "documentation": "Allows discovery of existing DAF-Provenance resources using different search criteria"
            },
            {
              "extension": [
                {
                  "url": "http://hl7.org/fhir/StructureDefinition/capabilitystatement-expectation",
                  "valueCode": "SHALL"
                }
              ],
              "code": "read",
              "documentation": "Allows retrieval of a specific DAF-Provenance by id"
            },
            {
              "extension": [
                {
                  "url": "http://hl7.org/fhir/StructureDefinition/capabilitystatement-expectation",
                  "valueCode": "SHALL"
                }
              ],
              "code": "history-instance",
              "documentation": "Allows review of changes to DAF-Provenance instance over time"
            },
            {
              "extension": [
                {
                  "url": "http://hl7.org/fhir/StructureDefinition/capabilitystatement-expectation",
                  "valueCode": "SHALL"
                }
              ],
              "code": "vread",
              "documentation": "Allows retrieval of a historical version of a DAF-Provenance instance"
            },
            {
              "extension": [
                {
                  "url": "http://hl7.org/fhir/StructureDefinition/capabilitystatement-expectation",
                  "valueCode": "SHALL"
                }
              ],
              "code": "create",
              "documentation": "Allows creation of a DAF-Provenance instance"
            },
            {
              "extension": [
                {
                  "url": "http://hl7.org/fhir/StructureDefinition/capabilitystatement-expectation",
                  "valueCode": "SHALL"
                }
              ],
              "code": "update",
              "documentation": "Allows updation of a DAF-Provenance instance"
            }
          ],
          "searchParam": [
            {
              "extension": [
                {
                  "url": "http://hl7.org/fhir/StructureDefinition/capabilitystatement-expectation",
                  "valueCode": "SHALL"
                }
              ],
              "name": "target",
              "type": "reference"
            },
            {
              "extension": [
                {
                  "url": "http://hl7.org/fhir/StructureDefinition/capabilitystatement-expectation",
                  "valueCode": "SHALL"
                }
              ],
              "name": "start",
              "type": "date"
            },
            {
              "extension": [
                {
                  "url": "http://hl7.org/fhir/StructureDefinition/capabilitystatement-expectation",
                  "valueCode": "SHALL"
                }
              ],
              "name": "end",
              "type": "date"
            }
          ]
        }
      ],
      "operation": [
        {
          "name": "daf-execute-query",
          "definition": {
            "reference": "http://hl7.org/fhir/current/daf/OperationDefinition-daf-execute-query.html"
          }
        }
      ]
    }
  ]
}