{
  "resourceType": "Conformance",
  "id": "conformance-daf-query-responder",
  "text": {
    "status": "generated",
    "div": "<div xmlns=\"http://www.w3.org/1999/xhtml\">\n\t\t\t<h2>DAF Responder</h2>\n\t\t\t<p>Published: 2016-08-10</p>\n\t\t\t<p>Published by: \n        <b>\n\t\t\t\t\t<a href=\"http://www.healthit.gov/\">U.S. Office of the National Coordinator (ONC)</a>\n\t\t\t\t</b>\n\t\t\t</p>\n\t\t\t<p>This profile defines the expected capabilities of the <i>DAF Responder</i> actor when conforming to the <a href=\"daf-core.html\">DAF-Core IG</a>. The statement includes the complete list of actual profiles, RESTful operations, search parameters supported by DAF Responders. DAF Requesters have the option of choosing from this list to access necessary data based on their local use cases and other contextual requirements.\n      </p>\n\t\t\t<h2>General</h2>\n\t\t\t<table>\n\t\t\t\t<tbody>\n\t\t\t\t\t<tr>\n\t\t\t\t\t\t<th>FHIR Version:</th>\n\t\t\t\t\t\t<td>$ver$</td>\n\t\t\t\t\t</tr>\n\t\t\t\t\t<tr>\n\t\t\t\t\t\t<th>Supported formats:</th>\n\t\t\t\t\t\t<td>json and xml</td>\n\t\t\t\t\t</tr>\n\t\t\t\t</tbody>\n\t\t\t</table>\n\t\t\t<h2>REST  behavior</h2>\n\t\t\t<p>The DAF Responder SHALL support the <a href=\"daf-core-patient.html\">DAF-core-patient</a> resource profile. In addition to the DAF-core-patient, the DAF Responder SHALL support at least one additional resource profile from the list of <a href=\"daf-core.html#daf-core-profiles\">DAF-Core profiles</a>.  \n\t  The DAF Responder SHALL implement REST behavior according to the <a href=\"http://hl7-fhir.github.io/http.html\">FHIR</a> specification.\n\t  The DAF Responder SHALL support both json and xml resource formats for all DAF interactions. The DAF Responder SHALL identify the DAF profile(s) supported as part of the FHIR BaseResource.Meta.profile attribute for each instance. The DAF Responder SHALL declare a Conformance statement and identify the list of profiles, operations, search parameter supported.\n      </p>\n\t\t\t<p>\n\t\t\t\t<b>Security:</b>\n\t\t\t</p>\n\t\t\t<p>DAF Responders SHALL meet the security requirements documented in the \n        <a href=\"daf-security.html\">DAF-Core Security requirements.</a>.\n      </p>\n\t\t\t<h3>RESTful Operations Summary</h3>\n\t\t\t<table class=\"grid\">\n\t\t\t\t<thead>\n\t\t\t\t\t<tr>\n\t\t\t\t\t\t<th>Resource(Profile Name)</th>\n\t\t\t\t\t\t<th>\n\t\t\t\t\t\t\t<a href=\"http://hl7-fhir.github.io/valueset-type-restful-interaction.html\">Search</a>\n\t\t\t\t\t\t</th>\n\t\t\t\t\t\t<th>\n\t\t\t\t\t\t\t<a href=\"http://hl7-fhir.github.io/valueset-type-restful-interaction.html\">Read</a>\n\t\t\t\t\t\t</th>\n\t\t\t\t\t\t<th>\n\t\t\t\t\t\t\t<a href=\"http://hl7-fhir.github.io/valueset-type-restful-interaction.html\">Version Read</a>\n\t\t\t\t\t\t</th>\n\t\t\t\t\t\t<th>\n\t\t\t\t\t\t\t<a href=\"http://hl7-fhir.github.io/valueset-type-restful-interaction.html\">Instance History</a>\n\t\t\t\t\t\t</th>\n\t\t\t\t\t</tr>\n\t\t\t\t</thead>\n\t\t\t\t<tbody>\n\t\t\t\t\t<tr>\n\t\t\t\t\t\t<th>\n\t\t\t\t\t\t\t<a href=\"daf-core-patient.html\">DAF-core-patient</a>\n\t\t\t\t\t\t</th>\n\t\t\t\t\t\t<td>\n\t\t\t\t\t\t\t<a href=\"#DAFPatientSearch\" title=\"Allows discovery of DAF-core-patient resources based on different search criteria\">SHALL</a>\n\t\t\t\t\t\t</td>\n\t\t\t\t\t\t<td>\n\t\t\t\t\t\t\t<a title=\"Allows retrieval of a specific DAF-core-patient by resource id\">SHALL</a>\n\t\t\t\t\t\t</td>\n\t\t\t\t\t\t<td>\n\t\t\t\t\t\t\t<a title=\"Allows retrieval of a historical version of a DAF-core-patient\">SHOULD</a>\n\t\t\t\t\t\t</td>\n\t\t\t\t\t\t<td>\n\t\t\t\t\t\t\t<a title=\"Allows review of changes to DAF-core-patient over time\">SHOULD</a>\n\t\t\t\t\t\t</td>\n\t\t\t\t\t</tr>\n\t\t\t\t\t<tr>\n\t\t\t\t\t\t<th>\n\t\t\t\t\t\t\t<a href=\"daf-core-allergyintolerance.html\">DAF-core-allergyintolerance</a>\n\t\t\t\t\t\t</th>\n\t\t\t\t\t\t<td>\n\t\t\t\t\t\t\t<a href=\"#DAFAllergyIntoleranceRequestSearch\" title=\"Allows discovery of DAF-core-allergyintolerance resources based on different search criteria\">SHALL</a>\n\t\t\t\t\t\t</td>\n\t\t\t\t\t\t<td>\n\t\t\t\t\t\t\t<a title=\"Allows retrieval of a specific DAF-core-allergyintolerance by id\">SHALL</a>\n\t\t\t\t\t\t</td>\n\t\t\t\t\t\t<td>\n\t\t\t\t\t\t\t<a title=\"Allows retrieval of a historical version of a DAF-core-allergyintolerance\">SHOULD</a>\n\t\t\t\t\t\t</td>\n\t\t\t\t\t\t<td>\n\t\t\t\t\t\t\t<a title=\"Allows review of changes to DAF-core-allergyintolerance over time\">SHOULD</a>\n\t\t\t\t\t\t</td>\n\t\t\t\t\t</tr>\n\t\t\t\t\t<tr>\n\t\t\t\t\t\t<th>\n\t\t\t\t\t\t\t<a href=\"daf-core-careplan.html\">DAF-core-careplan</a>\n\t\t\t\t\t\t</th>\n\t\t\t\t\t\t<td>\n\t\t\t\t\t\t\t<a href=\"#DAFCarePlanRequestSearch\" title=\"Allows discovery of DAF-core-careplan resources based on different search criteria\">SHALL</a>\n\t\t\t\t\t\t</td>\n\t\t\t\t\t\t<td>\n\t\t\t\t\t\t\t<a title=\"Allows retrieval of a specific DAF-core-careplan by id\">SHALL</a>\n\t\t\t\t\t\t</td>\n\t\t\t\t\t\t<td>\n\t\t\t\t\t\t\t<a title=\"Allows retrieval of a historical version of a DAF-core-careplan\">SHOULD</a>\n\t\t\t\t\t\t</td>\n\t\t\t\t\t\t<td>\n\t\t\t\t\t\t\t<a title=\"Allows review of changes to DAF-core-careplan over time\">SHOULD</a>\n\t\t\t\t\t\t</td>\n\t\t\t\t\t</tr>\n\t\t\t\t\t<tr>\n\t\t\t\t\t\t<th>\n\t\t\t\t\t\t\t<a href=\"daf-core-careteam.html\">DAF-core-careteam</a>\n\t\t\t\t\t\t</th>\n\t\t\t\t\t\t<td>\n\t\t\t\t\t\t\t<a href=\"#DAFCareTeamRequestSearch\" title=\"Allows discovery of DAF-core-careteam resources based on different search criteria\">SHALL</a>\n\t\t\t\t\t\t</td>\n\t\t\t\t\t\t<td>\n\t\t\t\t\t\t\t<a title=\"Allows retrieval of a specific DAF-core-careteam by id\">SHALL</a>\n\t\t\t\t\t\t</td>\n\t\t\t\t\t\t<td>\n\t\t\t\t\t\t\t<a title=\"Allows retrieval of a historical version of a DAF-core-careteam\">SHOULD</a>\n\t\t\t\t\t\t</td>\n\t\t\t\t\t\t<td>\n\t\t\t\t\t\t\t<a title=\"Allows review of changes to DAF-core-careteam over time\">SHOULD</a>\n\t\t\t\t\t\t</td>\n\t\t\t\t\t</tr>\n\t\t\t\t\t<tr>\n\t\t\t\t\t\t<th>\n\t\t\t\t\t\t\t<a href=\"daf-core-condition.html\">DAF-core-condition</a>\n\t\t\t\t\t\t</th>\n\t\t\t\t\t\t<td>\n\t\t\t\t\t\t\t<a href=\"#DAFConditionRequestSearch\" title=\"Allows discovery of DAF-core-condition resources based on different search criteria\">SHALL</a>\n\t\t\t\t\t\t</td>\n\t\t\t\t\t\t<td>\n\t\t\t\t\t\t\t<a title=\"Allows retrieval of a specific DAF-core-condition by id\">SHALL</a>\n\t\t\t\t\t\t</td>\n\t\t\t\t\t\t<td>\n\t\t\t\t\t\t\t<a title=\"Allows retrieval of a historical version of a DAF-core-condition\">SHOULD</a>\n\t\t\t\t\t\t</td>\n\t\t\t\t\t\t<td>\n\t\t\t\t\t\t\t<a title=\"Allows review of changes to DAF-core-condition over time\">SHOULD</a>\n\t\t\t\t\t\t</td>\n\t\t\t\t\t</tr>\n\t\t\t\t\t<tr>\n\t\t\t\t\t\t<th>\n\t\t\t\t\t\t\t<a href=\"daf-core-device.html\">DAF-core-device</a>\n\t\t\t\t\t\t</th>\n\t\t\t\t\t\t<td>\n\t\t\t\t\t\t\t<a href=\"#DAFDeviceRequestSearch\" title=\"Allows discovery of DAF-core-device resources based on different search criteria\">SHALL</a>\n\t\t\t\t\t\t</td>\n\t\t\t\t\t\t<td>\n\t\t\t\t\t\t\t<a title=\"Allows retrieval of a specific DAF-core-device by id\">SHALL</a>\n\t\t\t\t\t\t</td>\n\t\t\t\t\t\t<td>\n\t\t\t\t\t\t\t<a title=\"Allows retrieval of a historical version of a DAF-core-device\">SHOULD</a>\n\t\t\t\t\t\t</td>\n\t\t\t\t\t\t<td>\n\t\t\t\t\t\t\t<a title=\"Allows review of changes to DAF-core-device over time\">SHOULD</a>\n\t\t\t\t\t\t</td>\n\t\t\t\t\t</tr>\n\t\t\t\t\t<tr>\n\t\t\t\t\t\t<th>\n\t\t\t\t\t\t\t<a href=\"daf-core-goal.html\">DAF-core-goal</a>\n\t\t\t\t\t\t</th>\n\t\t\t\t\t\t<td>\n\t\t\t\t\t\t\t<a href=\"#DAFGoalRequestSearch\" title=\"Allows discovery of DAF-core-goal resources based on different search criteria\">SHALL</a>\n\t\t\t\t\t\t</td>\n\t\t\t\t\t\t<td>\n\t\t\t\t\t\t\t<a title=\"Allows retrieval of a specific DAF-core-goal by id\">SHALL</a>\n\t\t\t\t\t\t</td>\n\t\t\t\t\t\t<td>\n\t\t\t\t\t\t\t<a title=\"Allows retrieval of a historical version of a DAF-core-goal\">SHOULD</a>\n\t\t\t\t\t\t</td>\n\t\t\t\t\t\t<td>\n\t\t\t\t\t\t\t<a title=\"Allows review of changes to DAF-core-goal over time\">SHOULD</a>\n\t\t\t\t\t\t</td>\n\t\t\t\t\t</tr>\n\t\t\t\t\t<tr>\n\t\t\t\t\t\t<th>\n\t\t\t\t\t\t\t<a href=\"daf-core-immunization.html\">DAF-core-immunization</a>\n\t\t\t\t\t\t</th>\n\t\t\t\t\t\t<td>\n\t\t\t\t\t\t\t<a href=\"#DAFImmunizationRequestSearch\" title=\"Allows discovery of DAF-core-immunization resources based on different search criteria\">SHALL</a>\n\t\t\t\t\t\t</td>\n\t\t\t\t\t\t<td>\n\t\t\t\t\t\t\t<a title=\"Allows retrieval of a specific DAF-core-immunization by id\">SHALL</a>\n\t\t\t\t\t\t</td>\n\t\t\t\t\t\t<td>\n\t\t\t\t\t\t\t<a title=\"Allows retrieval of a historical version of a DAF-core-immunization\">SHOULD</a>\n\t\t\t\t\t\t</td>\n\t\t\t\t\t\t<td>\n\t\t\t\t\t\t\t<a title=\"Allows review of changes to DAF-core-immunization over time\">SHOULD</a>\n\t\t\t\t\t\t</td>\n\t\t\t\t\t</tr>\n\t\t\t\t\t<tr>\n\t\t\t\t\t\t<th>\n\t\t\t\t\t\t\t<a href=\"daf-core-diagnosticreport.html\">DAF-core-diagnosticreport (Laboratory DiagnosticReport)</a>\n\t\t\t\t\t\t</th>\n\t\t\t\t\t\t<td>\n\t\t\t\t\t\t\t<a href=\"#DAFDiagnosticReportSearch\" title=\"Allows discovery of DAF-core-diagnosticreport resources based on different search criteria\">SHALL</a>\n\t\t\t\t\t\t</td>\n\t\t\t\t\t\t<td>\n\t\t\t\t\t\t\t<a title=\"Allows retrieval of a specific DAF-core-diagnosticreport by id\">SHALL</a>\n\t\t\t\t\t\t</td>\n\t\t\t\t\t\t<td>\n\t\t\t\t\t\t\t<a title=\"Allows retrieval of a historical version of a DAF-core-diagnosticreport\">SHOULD</a>\n\t\t\t\t\t\t</td>\n\t\t\t\t\t\t<td>\n\t\t\t\t\t\t\t<a title=\"Allows review of changes to DAF-core-diagnosticreport over time\">SHOULD</a>\n\t\t\t\t\t\t</td>\n\t\t\t\t\t</tr>\n\t\t\t\t\t<tr>\n\t\t\t\t\t\t<th>\n\t\t\t\t\t\t\t<a href=\"daf-core-resultobs.html\">DAF-core-resultobs (Laboratory Observation)</a>\n\t\t\t\t\t\t</th>\n\t\t\t\t\t\t<td>\n\t\t\t\t\t\t\t<a href=\"#DAFResultsSearch\" title=\"Allows discovery of DAF-core-resultobs resources based on different search criteria\">SHALL</a>\n\t\t\t\t\t\t</td>\n\t\t\t\t\t\t<td>\n\t\t\t\t\t\t\t<a title=\"Allows retrieval of a specific DAF-core-resultobs by id\">SHALL</a>\n\t\t\t\t\t\t</td>\n\t\t\t\t\t\t<td>\n\t\t\t\t\t\t\t<a title=\"Allows retrieval of a historical version of a DAF-core-resultobs\">SHOULD</a>\n\t\t\t\t\t\t</td>\n\t\t\t\t\t\t<td>\n\t\t\t\t\t\t\t<a title=\"Allows review of changes to DAF-core-resultobs over time\">SHOULD</a>\n\t\t\t\t\t\t</td>\n\t\t\t\t\t</tr>\n\t\t\t\t\t<tr>\n\t\t\t\t\t\t<th>\n\t\t\t\t\t\t\t<a href=\"daf-core-location.html\">DAF-core-location</a>\n\t\t\t\t\t\t</th>\n\t\t\t\t\t\t<td>\n\t\t\t\t\t\t\t<a href=\"#DAFLocationSearch\" title=\"Allows discovery of DAF-core-location resources based on different search criteria\">SHALL</a>\n\t\t\t\t\t\t</td>\n\t\t\t\t\t\t<td>\n\t\t\t\t\t\t\t<a title=\"Allows retrieval of a specific DAF-core-location by id\">SHALL</a>\n\t\t\t\t\t\t</td>\n\t\t\t\t\t\t<td>\n\t\t\t\t\t\t\t<a title=\"Allows retrieval of a historical version of a DAF-core-location\">SHOULD</a>\n\t\t\t\t\t\t</td>\n\t\t\t\t\t\t<td>\n\t\t\t\t\t\t\t<a title=\"Allows review of changes to DAF-core-location over time\">SHOULD</a>\n\t\t\t\t\t\t</td>\n\t\t\t\t\t</tr>\n\t\t\t\t\t<tr>\n\t\t\t\t\t\t<th>\n\t\t\t\t\t\t\t<a href=\"daf-core-medication.html\">DAF-core-medication</a>\n\t\t\t\t\t\t</th>\n\t\t\t\t\t\t<td>\n\t\t\t\t\t\t\t<a href=\"#DAFMedicationSearch\" title=\"Allows discovery of DAF-core-medication resources based on different search criteria\">SHALL</a>\n\t\t\t\t\t\t</td>\n\t\t\t\t\t\t<td>\n\t\t\t\t\t\t\t<a title=\"Allows retrieval of a specific DAF-core-medication by id\">SHALL</a>\n\t\t\t\t\t\t</td>\n\t\t\t\t\t\t<td>\n\t\t\t\t\t\t\t<a title=\"Allows retrieval of a historical version of a DAF-core-medication\">SHOULD</a>\n\t\t\t\t\t\t</td>\n\t\t\t\t\t\t<td>\n\t\t\t\t\t\t\t<a title=\"Allows review of changes to DAF-core-medication over time\">SHOULD</a>\n\t\t\t\t\t\t</td>\n\t\t\t\t\t</tr>\n\t\t\t\t\t<tr>\n\t\t\t\t\t\t<th>\n\t\t\t\t\t\t\t<a href=\"daf-core-medicationstatement.html\">DAF-core-medicationstatement</a>\n\t\t\t\t\t\t</th>\n\t\t\t\t\t\t<td>\n\t\t\t\t\t\t\t<a href=\"#DAFMedicationStatementSearch\" title=\"Allows discovery of DAF-core-medicationstatement resources based on different search criteria\">SHALL</a>\n\t\t\t\t\t\t</td>\n\t\t\t\t\t\t<td>\n\t\t\t\t\t\t\t<a title=\"Allows retrieval of a specific DAF-core-medicationstatement by id\">SHALL</a>\n\t\t\t\t\t\t</td>\n\t\t\t\t\t\t<td>\n\t\t\t\t\t\t\t<a title=\"Allows retrieval of a historical version of a DAF-core-medicationstatement\">SHOULD</a>\n\t\t\t\t\t\t</td>\n\t\t\t\t\t\t<td>\n\t\t\t\t\t\t\t<a title=\"Allows review of changes to DAF-core-medicationstatement over time\">SHOULD</a>\n\t\t\t\t\t\t</td>\n\t\t\t\t\t</tr>\n\t\t\t\t\t<tr>\n\t\t\t\t\t\t<th>\n\t\t\t\t\t\t\t<a href=\"daf-core-medicationorder.html\">DAF-core-medicationorder</a>\n\t\t\t\t\t\t</th>\n\t\t\t\t\t\t<td>\n\t\t\t\t\t\t\t<a href=\"#DAFMedicationOrderSearch\" title=\"Allows discovery of DAF-core-medicationorder resources based on different search criteria\">SHALL</a>\n\t\t\t\t\t\t</td>\n\t\t\t\t\t\t<td>\n\t\t\t\t\t\t\t<a title=\"Allows retrieval of a specific DAF-core-medicationorder by id\">SHALL</a>\n\t\t\t\t\t\t</td>\n\t\t\t\t\t\t<td>\n\t\t\t\t\t\t\t<a title=\"Allows retrieval of a historical version of a DAF-core-medicationorder\">SHOULD</a>\n\t\t\t\t\t\t</td>\n\t\t\t\t\t\t<td>\n\t\t\t\t\t\t\t<a title=\"Allows review of changes to DAF-core-medicationorder over time\">SHOULD</a>\n\t\t\t\t\t\t</td>\n\t\t\t\t\t</tr>\n\t\t\t\t\t<tr>\n\t\t\t\t\t\t<th>\n\t\t\t\t\t\t\t<a href=\"daf-core-smokingstatus.html\">DAF-core-smokingstatus</a>\n\t\t\t\t\t\t</th>\n\t\t\t\t\t\t<td>\n\t\t\t\t\t\t\t<a href=\"#DAFSmokingStatusSearch\" title=\"Allows discovery of DAF-core-smokingstatus resources based on different search criteria\">SHALL</a>\n\t\t\t\t\t\t</td>\n\t\t\t\t\t\t<td>\n\t\t\t\t\t\t\t<a title=\"Allows retrieval of a specific DAF-core-smokingstatus by id\">SHALL</a>\n\t\t\t\t\t\t</td>\n\t\t\t\t\t\t<td>\n\t\t\t\t\t\t\t<a title=\"Allows retrieval of a historical version of a DAF-core-smokingstatus\">SHOULD</a>\n\t\t\t\t\t\t</td>\n\t\t\t\t\t\t<td>\n\t\t\t\t\t\t\t<a title=\"Allows review of changes to DAF-core-smokingstatus over time\">SHOULD</a>\n\t\t\t\t\t\t</td>\n\t\t\t\t\t</tr>\n\t\t\t\t\t<tr>\n\t\t\t\t\t\t<th>\n\t\t\t\t\t\t\t<a href=\"daf-core-vitalsigns.html\">DAF-core-vitalsigns</a>\n\t\t\t\t\t\t</th>\n\t\t\t\t\t\t<td>\n\t\t\t\t\t\t\t<a href=\"#DAFVitalSignsSearch\" title=\"Allows discovery of DAF-core-vitalsigns resources based on different search criteria\">SHALL</a>\n\t\t\t\t\t\t</td>\n\t\t\t\t\t\t<td>\n\t\t\t\t\t\t\t<a title=\"Allows retrieval of a specific DAF-core-vitalsigns by id\">SHALL</a>\n\t\t\t\t\t\t</td>\n\t\t\t\t\t\t<td>\n\t\t\t\t\t\t\t<a title=\"Allows retrieval of a historical version of a DAF-core-vitalsigns\">SHOULD</a>\n\t\t\t\t\t\t</td>\n\t\t\t\t\t\t<td>\n\t\t\t\t\t\t\t<a title=\"Allows review of changes to DAF-core-vitalsigns over time\">SHOULD</a>\n\t\t\t\t\t\t</td>\n\t\t\t\t\t</tr>\n\t\t\t\t\t<tr>\n\t\t\t\t\t\t<th>\n\t\t\t\t\t\t\t<a href=\"daf-core-organization.html\">DAF-core-organization</a>\n\t\t\t\t\t\t</th>\n\t\t\t\t\t\t<td>\n\t\t\t\t\t\t\t<a href=\"#DAFOrganizationSearch\" title=\"Allows discovery of DAF-core-organization resources based on different search criteria\">SHALL</a>\n\t\t\t\t\t\t</td>\n\t\t\t\t\t\t<td>\n\t\t\t\t\t\t\t<a title=\"Allows retrieval of a specific DAF-core-organization by id\">SHALL</a>\n\t\t\t\t\t\t</td>\n\t\t\t\t\t\t<td>\n\t\t\t\t\t\t\t<a title=\"Allows retrieval of a historical version of a DAF-core-organization\">SHOULD</a>\n\t\t\t\t\t\t</td>\n\t\t\t\t\t\t<td>\n\t\t\t\t\t\t\t<a title=\"Allows review of changes to DAF-core-organization over time\">SHOULD</a>\n\t\t\t\t\t\t</td>\n\t\t\t\t\t</tr>\n\t\t\t\t\t<tr>\n\t\t\t\t\t\t<th>\n\t\t\t\t\t\t\t<a href=\"daf-core-pract.html\">DAF-core-pract</a>\n\t\t\t\t\t\t</th>\n\t\t\t\t\t\t<td>\n\t\t\t\t\t\t\t<a href=\"#DAFPractSearch\" title=\"Allows discovery of DAF-core-pract resources based on different search criteria\">SHALL</a>\n\t\t\t\t\t\t</td>\n\t\t\t\t\t\t<td>\n\t\t\t\t\t\t\t<a title=\"Allows retrieval of a specific DAF-core-pract by id\">SHALL</a>\n\t\t\t\t\t\t</td>\n\t\t\t\t\t\t<td>\n\t\t\t\t\t\t\t<a title=\"Allows retrieval of a historical version of a DAF-core-pract\">SHOULD</a>\n\t\t\t\t\t\t</td>\n\t\t\t\t\t\t<td>\n\t\t\t\t\t\t\t<a title=\"Allows review of changes to DAF-core-pract over time\">SHOULD</a>\n\t\t\t\t\t\t</td>\n\t\t\t\t\t</tr>\n\t\t\t\t\t<tr>\n\t\t\t\t\t\t<th>\n\t\t\t\t\t\t\t<a href=\"daf-core-procedure.html\">DAF-core-procedure</a>\n\t\t\t\t\t\t</th>\n\t\t\t\t\t\t<td>\n\t\t\t\t\t\t\t<a href=\"#DAFProcedureSearch\" title=\"Allows discovery of DAF-core-procedure resources based on different search criteria\">SHALL</a>\n\t\t\t\t\t\t</td>\n\t\t\t\t\t\t<td>\n\t\t\t\t\t\t\t<a title=\"Allows retrieval of a specific DAF-core-procedure by id\">SHALL</a>\n\t\t\t\t\t\t</td>\n\t\t\t\t\t\t<td>\n\t\t\t\t\t\t\t<a title=\"Allows retrieval of a historical version of a DAF-core-procedure\">SHOULD</a>\n\t\t\t\t\t\t</td>\n\t\t\t\t\t\t<td>\n\t\t\t\t\t\t\t<a title=\"Allows review of changes to DAF-core-procedure over time\">SHOULD</a>\n\t\t\t\t\t\t</td>\n\t\t\t\t\t</tr>\n\t\t\t\t</tbody>\n\t\t\t</table>\n\t\t\t<br/>\n\t\t\t<br/>\n\t\t\t<h3>DAF-Core Search Parameters</h3>\n\t\t\t<p>DAF Responders SHALL support the following common parameters as part of queries related to DAF-Core profiles:</p>\n\t\t\t<ul>\n\t\t\t\t<li>\n\t\t\t\t\t<a href=\"http://hl7-fhir.github.io/search.html#id\">_id</a>\n\t\t\t\t</li>\n\t\t\t\t<li>\n\t\t\t\t\t<a href=\"http://hl7-fhir.github.io/search.html#lastUpdated\">_lastUpdated</a>\n\t\t\t\t</li>\n\t\t\t\t<li>\n\t\t\t\t\t<a href=\"http://hl7-fhir.github.io/search.html#profile\">_profile</a>\n\t\t\t\t</li>\n\t\t\t\t<li>\n\t\t\t\t\t<a href=\"http://hl7-fhir.github.io/search.html#count\">_count</a>\n\t\t\t\t</li>\n\t\t\t\t<li>\n\t\t\t\t\t<a href=\"http://hl7-fhir.github.io/search.html#include\">_include</a>\n\t\t\t\t</li>\n\t\t\t</ul>\n\t\t\t<p>DAF Responders SHALL support the following search contexts defined within the \n        <a href=\"http://hl7-fhir.github.io/search.html#Introduction\">FHIR</a>specification.\n      </p>\n\t\t\t<ul>\n\t\t\t\t<li>Search context by specifying a particular resource type</li>\n\t\t\t</ul>\n\t\t\t<p>DAF Responders SHALL support \n        <a href=\"http://hl7-fhir.github.io/search.html#Modifiers\">Modifiers</a> as applicable to the data types of the search parameters. DAF Responders SHALL also support \n        <a href=\"http://hl7-fhir.github.io/search.html#Composite Search Parameters\">Composite Search Parameters</a> as defined in the FHIR specification.\n      </p>\n\t\t\t<table class=\"grid\">\n\t\t\t\t<thead>\n\t\t\t\t\t<tr>\n\t\t\t\t\t\t<th>Resource Name</th>\n\t\t\t\t\t\t<th>Search and Include Parameters</th>\n\t\t\t\t\t</tr>\n\t\t\t\t</thead>\n\t\t\t\t<tbody>\n\t\t\t\t\t<tr>\n\t\t\t\t\t\t<td id=\"DAFPatientSearch\">DAF-core-patient</td>\n\t\t\t\t\t\t<td>\n\t\t\t\t\t\t\t<ul>\n\t\t\t\t\t\t\t\t<li>\n\t\t\t\t\t\t\t\t\t<a href=\"http://hl7-fhir.github.io/patient.html#search\">id</a> - Search based on resource id (\n                  <a href=\"http://hl7-fhir.github.io/search.html#string\">string</a>)\n                </li>\n\t\t\t\t\t\t\t\t<li>\n\t\t\t\t\t\t\t\t\t<a href=\"http://hl7-fhir.github.io/patient.html#search\">identifier</a> - Search based on patient identifier (\n                  <a href=\"http://hl7-fhir.github.io/search.html#token\">token</a>)\n                </li>\n\t\t\t\t\t\t\t\t<li>\n\t\t\t\t\t\t\t\t\t<a href=\"http://hl7-fhir.github.io/patient.html#search\">name</a> and <a href=\"http://hl7-fhir.github.io/patient.html#search\">gender</a>- Search based on given name or family name or text name and gender.\n                </li>\n\t\t\t\t\t\t\t\t<li>\n\t\t\t\t\t\t\t\t\t<a href=\"http://hl7-fhir.github.io/patient.html#search\">family</a> and <a href=\"http://hl7-fhir.github.io/patient.html#search\">gender</a>- Search based on family name and gender.\n                </li>\n\t\t\t\t\t\t\t\t<li>\n\t\t\t\t\t\t\t\t\t<a href=\"http://hl7-fhir.github.io/patient.html#search\">given</a> and <a href=\"http://hl7-fhir.github.io/patient.html#search\">gender</a>- Search based on given name and gender.\n                </li>\n\t\t\t\t\t\t\t\t<li>\n\t\t\t\t\t\t\t\t\t<a href=\"http://hl7-fhir.github.io/patient.html#search\">name</a> and <a href=\"http://hl7-fhir.github.io/patient.html#search\">birthdate</a>- Search based on given name or family name or text name and birthdate.\n                </li>\n\t\t\t\t\t\t\t</ul>\n\t\t\t\t\t\t</td>\n\t\t\t\t\t</tr>\n\t\t\t\t\t<tr>\n\t\t\t\t\t\t<td id=\"DAFAllergyIntoleranceRequestSearch\">DAF-core-allergyintolerance</td>\n\t\t\t\t\t\t<td>\n\t\t\t\t\t\t\t<ul>\n\t\t\t\t\t\t\t\t<li>\n\t\t\t\t\t\t\t\t\t<a href=\"http://hl7-fhir.github.io/allergyintolerance.html#search\">patient</a> - Search allergies for a patient(\n                  <a href=\"http://hl7-fhir.github.io/search.html#reference\">reference</a>)\n                </li>\n\t\t\t\t\t\t\t</ul>\n\t\t\t\t\t\t</td>\n\t\t\t\t\t</tr>\n\t\t\t\t\t<tr>\n\t\t\t\t\t\t<td id=\"DAFCarePlanRequestSearch\">DAF-core-careplan</td>\n\t\t\t\t\t\t<td>\n\t\t\t\t\t\t\t<ul>\n\t\t\t\t\t\t\t\t<li>\n\t\t\t\t\t\t\t\t\t<a href=\"http://hl7-fhir.github.io/careplan.html#search\">patient</a> and <a href=\"http://hl7-fhir.github.io/careplan.html#search\"> category </a> - Search for CarePlan by patient and category\n                </li>\n\t\t\t\t\t\t\t\t<li>\n\t\t\t\t\t\t\t\t\t<a href=\"http://hl7-fhir.github.io/careplan.html#search\">patient</a> and <a href=\"http://hl7-fhir.github.io/careplan.html#search\"> category </a> and <a href=\"http://hl7-fhir.github.io/careplan.html#search\"> status </a> - Search for CarePlan by patient and category and status\n                </li>\n\t\t\t\t\t\t\t\t<li>\n\t\t\t\t\t\t\t\t\t<a href=\"http://hl7-fhir.github.io/careplan.html#search\">patient</a> and <a href=\"http://hl7-fhir.github.io/careplan.html#search\"> category </a> and <a href=\"http://hl7-fhir.github.io/careplan.html#search\"> date </a> - Search for CarePlan by patient and category and one or more dates\n                </li>\n\t\t\t\t\t\t\t\t<li>\n\t\t\t\t\t\t\t\t\t<a href=\"http://hl7-fhir.github.io/careplan.html#search\">patient</a> and <a href=\"http://hl7-fhir.github.io/careplan.html#search\"> category </a> and <a href=\"http://hl7-fhir.github.io/careplan.html#search\"> status </a> and <a href=\"http://hl7-fhir.github.io/careplan.html#search\"> date </a> - Search for CarePlan by patient and category and status and one or more dates\n                </li>\n\t\t\t\t\t\t\t</ul>\n\t\t\t\t\t\t</td>\n\t\t\t\t\t</tr>\n\t\t\t\t\t<tr>\n\t\t\t\t\t\t<td id=\"DAFCareTeamRequestSearch\">DAF-core-careteam</td>\n\t\t\t\t\t\t<td>\n\t\t\t\t\t\t\t<ul>\n\t\t\t\t\t\t\t\t<li>\n\t\t\t\t\t\t\t\t\t<a href=\"http://hl7-fhir.github.io/careplan.html#search\">patient</a> and <a href=\"http://hl7-fhir.github.io/careplan.html#search\"> category </a> and <a href=\"http://hl7-fhir.github.io/careplan.html#search\"> status </a> - Search for CareTeam by patient and category and status\n                </li>\n\t\t\t\t\t\t\t</ul>\n\t\t\t\t\t\t</td>\n\t\t\t\t\t</tr>\n\t\t\t\t\t<tr>\n\t\t\t\t\t\t<td id=\"DAFConditionRequestSearch\">DAF-core-condition</td>\n\t\t\t\t\t\t<td>\n\t\t\t\t\t\t\t<ul>\n\t\t\t\t\t\t\t\t<li>\n\t\t\t\t\t\t\t\t\t<a href=\"http://hl7-fhir.github.io/condition.html#search\">patient</a> and <a href=\"http://hl7-fhir.github.io/condition.html#search\"> category </a> - Search for Condition by patient and category\n                </li>\n\t\t\t\t\t\t\t\t<li>\n\t\t\t\t\t\t\t\t\t<a href=\"http://hl7-fhir.github.io/condition.html#search\">patient</a> and <a href=\"http://hl7-fhir.github.io/condition.html#search\"> clinicalstatus </a> - Search for Condition by patient and clinicalstatus\n                </li>\n\t\t\t\t\t\t\t</ul>\n\t\t\t\t\t\t</td>\n\t\t\t\t\t</tr>\n\t\t\t\t\t<tr>\n\t\t\t\t\t\t<td id=\"DAFDeviceRequestSearch\">DAF-core-device</td>\n\t\t\t\t\t\t<td>\n\t\t\t\t\t\t\t<ul>\n\t\t\t\t\t\t\t\t<li>\n\t\t\t\t\t\t\t\t\t<a href=\"http://hl7-fhir.github.io/device.html#search\">patient</a> - Search Devices for a patient(\n                  <a href=\"http://hl7-fhir.github.io/search.html#reference\">reference</a>)\n                </li>\n\t\t\t\t\t\t\t</ul>\n\t\t\t\t\t\t</td>\n\t\t\t\t\t</tr>\n\t\t\t\t\t<tr>\n\t\t\t\t\t\t<td id=\"DAFGoalRequestSearch\">DAF-core-goal</td>\n\t\t\t\t\t\t<td>\n\t\t\t\t\t\t\t<ul>\n\t\t\t\t\t\t\t\t<li>\n\t\t\t\t\t\t\t\t\t<a href=\"http://hl7-fhir.github.io/goal.html#search\">patient</a> and <a href=\"http://hl7-fhir.github.io/goal.html#search\">  date </a> - Search for Goals by patient and one or more dates\n                </li>\n\t\t\t\t\t\t\t</ul>\n\t\t\t\t\t\t</td>\n\t\t\t\t\t</tr>\n\t\t\t\t\t<tr>\n\t\t\t\t\t\t<td id=\"DAFImmunizationRequestSearch\">DAF-core-immunization</td>\n\t\t\t\t\t\t<td>\n\t\t\t\t\t\t\t<ul>\n\t\t\t\t\t\t\t\t<li>\n\t\t\t\t\t\t\t\t\t<a href=\"http://hl7-fhir.github.io/immunization.html#search\">patient</a> - Search for Immunizations by patient (<a href=\"http://hl7-fhir.github.io/search.html#reference\">reference</a>)\n                </li>\n\t\t\t\t\t\t\t</ul>\n\t\t\t\t\t\t</td>\n\t\t\t\t\t</tr>\n\t\t\t\t\t<tr>\n\t\t\t\t\t\t<td id=\"DAFDiagnosticReportSearch\">DAF-core-diagnosticreport (Laboratory DiagnosticReport)</td>\n\t\t\t\t\t\t<td>\n\t\t\t\t\t\t\t<ul>\n\t\t\t\t\t\t\t\t<li>\n\t\t\t\t\t\t\t\t\t<a href=\"http://hl7-fhir.github.io/diagnosticreport.html#search\">patient</a> and <a href=\"http://hl7-fhir.github.io/diagnosticreport.html#search\"> code </a> - Search for DiagnosticReport by patient and code\n                </li>\n\t\t\t\t\t\t\t\t<li>\n\t\t\t\t\t\t\t\t\t<a href=\"http://hl7-fhir.github.io/diagnosticreport.html#search\">patient</a> and <a href=\"http://hl7-fhir.github.io/diagnosticreport.html#search\"> category  </a> - Search for DiagnosticReport by patient and category\n                </li>\n\t\t\t\t\t\t\t\t<li>\n\t\t\t\t\t\t\t\t\t<a href=\"http://hl7-fhir.github.io/diagnosticreport.html#search\">patient</a> and <a href=\"http://hl7-fhir.github.io/diagnosticreport.html#search\"> category </a> and <a href=\"http://hl7-fhir.github.io/diagnosticreport.html#search\">  date </a> - Search for DiagnosticReport by patient and category and one or more dates\n                </li>\n\t\t\t\t\t\t\t\t<li>\n\t\t\t\t\t\t\t\t\t<a href=\"http://hl7-fhir.github.io/diagnosticreport.html#search\">patient</a> and <a href=\"http://hl7-fhir.github.io/diagnosticreport.html#search\"> category </a>  and <a href=\"http://hl7-fhir.github.io/diagnosticreport.html#search\"> code </a>\n\t\t\t\t\t\t\t\t\t<a href=\"http://hl7-fhir.github.io/diagnosticreport.html#search\">  date </a> - Search for DiagnosticReport by patient and category and code and one or more dates\n                </li>\n\t\t\t\t\t\t\t</ul>\n\t\t\t\t\t\t</td>\n\t\t\t\t\t</tr>\n\t\t\t\t\t<tr>\n\t\t\t\t\t\t<td id=\"DAFResultsSearch\">DAF-core-resultobs (Laboratory Observation)</td>\n\t\t\t\t\t\t<td>\n\t\t\t\t\t\t\t<ul>\n\t\t\t\t\t\t\t\t<li>\n\t\t\t\t\t\t\t\t\t<a href=\"http://hl7-fhir.github.io/observation.html#search\">patient</a> and <a href=\"http://hl7-fhir.github.io/observation.html#search\"> code </a> - Search for Observation by patient and code\n                </li>\n\t\t\t\t\t\t\t\t<li>\n\t\t\t\t\t\t\t\t\t<a href=\"http://hl7-fhir.github.io/observation.html#search\">patient</a> and <a href=\"http://hl7-fhir.github.io/observation.html#search\"> category </a> - Search for Observation by patient and category\n                </li>\n\t\t\t\t\t\t\t\t<li>\n\t\t\t\t\t\t\t\t\t<a href=\"http://hl7-fhir.github.io/observation.html#search\">patient</a> and <a href=\"http://hl7-fhir.github.io/observation.html#search\"> category </a> and <a href=\"http://hl7-fhir.github.io/observation.html#search\">  date </a> - Search for Observation by patient and category and one or more dates\n                </li>\n\t\t\t\t\t\t\t\t<li>\n\t\t\t\t\t\t\t\t\t<a href=\"http://hl7-fhir.github.io/observation.html#search\">patient</a> and <a href=\"http://hl7-fhir.github.io/observation.html#search\"> category </a> and <a href=\"http://hl7-fhir.github.io/observation.html#search\"> code </a> and <a href=\"http://hl7-fhir.github.io/observation.html#search\">  date </a> - Search for Observation by patient and category and code and one or more dates\n                </li>\n\t\t\t\t\t\t\t</ul>\n\t\t\t\t\t\t</td>\n\t\t\t\t\t</tr>\n\t\t\t\t\t<tr>\n\t\t\t\t\t\t<td id=\"DAFLocationSearch\">DAF-core-location</td>\n\t\t\t\t\t\t<td>\n\t\t\t\t\t\t\t<ul>\n\t\t\t\t\t\t\t\t<li>\n                  None\n                </li>\n\t\t\t\t\t\t\t</ul>\n\t\t\t\t\t\t</td>\n\t\t\t\t\t</tr>\n\t\t\t\t\t<tr>\n\t\t\t\t\t\t<td id=\"DAFMedicationSearch\">DAF-core-medication</td>\n\t\t\t\t\t\t<td>\n\t\t\t\t\t\t\t<ul>\n\t\t\t\t\t\t\t\t<li>\n                  None\n                </li>\n\t\t\t\t\t\t\t</ul>\n\t\t\t\t\t\t</td>\n\t\t\t\t\t</tr>\n\t\t\t\t\t<tr>\n\t\t\t\t\t\t<td id=\"DAFMedicationStatementSearch\">DAF-core-medicationstatement</td>\n\t\t\t\t\t\t<td>\n\t\t\t\t\t\t\t<ul>\n\t\t\t\t\t\t\t\t<li>\n\t\t\t\t\t\t\t\t\t<a href=\"http://hl7-fhir.github.io/medicationstatement.html#search\">patient</a> - Search MedicationStatement for a patient(\n                  <a href=\"http://hl7-fhir.github.io/search.html#reference\">reference</a>)\n                </li>\n\t\t\t\t\t\t\t</ul>\n\t\t\t\t\t\t</td>\n\t\t\t\t\t</tr>\n\t\t\t\t\t<tr>\n\t\t\t\t\t\t<td id=\"DAFMedicationOrderSearch\">DAF-core-medicationorder</td>\n\t\t\t\t\t\t<td>\n\t\t\t\t\t\t\t<ul>\n\t\t\t\t\t\t\t\t<li>\n\t\t\t\t\t\t\t\t\t<a href=\"http://hl7-fhir.github.io/medicationorder.html#search\">patient</a> - Search MedicationOrder for a patient(\n                  <a href=\"http://hl7-fhir.github.io/search.html#reference\">reference</a>)\n                </li>\n\t\t\t\t\t\t\t</ul>\n\t\t\t\t\t\t</td>\n\t\t\t\t\t</tr>\n\t\t\t\t\t<tr>\n\t\t\t\t\t\t<td id=\"DAFSmokingStatusSearch\">DAF-core-smokingstatus</td>\n\t\t\t\t\t\t<td>\n\t\t\t\t\t\t\t<ul>\n\t\t\t\t\t\t\t\t<li>\n\t\t\t\t\t\t\t\t\t<a href=\"http://hl7-fhir.github.io/observation.html#search\">patient</a> and <a href=\"http://hl7-fhir.github.io/observation.html#search\"> code </a> - Search for Observation (SmokingStatus) by patient and code\n                </li>\n\t\t\t\t\t\t\t</ul>\n\t\t\t\t\t\t</td>\n\t\t\t\t\t</tr>\n\t\t\t\t\t<tr>\n\t\t\t\t\t\t<td id=\"DAFVitalSignsSearch\">DAF-core-vitalsigns</td>\n\t\t\t\t\t\t<td>\n\t\t\t\t\t\t\t<ul>\n\t\t\t\t\t\t\t\t<li>\n\t\t\t\t\t\t\t\t\t<a href=\"http://hl7-fhir.github.io/observation.html#search\">patient</a> and <a href=\"http://hl7-fhir.github.io/observation.html#search\"> code </a> - Search for Observation (Vital Signs) by patient and code\n                </li>\n\t\t\t\t\t\t\t\t<li>\n\t\t\t\t\t\t\t\t\t<a href=\"http://hl7-fhir.github.io/observation.html#search\">patient</a> and <a href=\"http://hl7-fhir.github.io/observation.html#search\"> category </a> - Search for Observation (Vital Signs) by patient and category\n                </li>\n\t\t\t\t\t\t\t\t<li>\n\t\t\t\t\t\t\t\t\t<a href=\"http://hl7-fhir.github.io/observation.html#search\">patient</a> and <a href=\"http://hl7-fhir.github.io/observation.html#search\"> category </a> and <a href=\"http://hl7-fhir.github.io/observation.html#search\">  date </a> - Search for Observation (Vital Signs) by patient and category and one or more dates\n                </li>\n\t\t\t\t\t\t\t\t<li>\n\t\t\t\t\t\t\t\t\t<a href=\"http://hl7-fhir.github.io/observation.html#search\">patient</a> and <a href=\"http://hl7-fhir.github.io/observation.html#search\"> code </a> and <a href=\"http://hl7-fhir.github.io/observation.html#search\">  date </a> - Search for Observation (Vital Signs) by patient and code and one or more dates\n                </li>\n\t\t\t\t\t\t\t</ul>\n\t\t\t\t\t\t</td>\n\t\t\t\t\t</tr>\n\t\t\t\t\t<tr>\n\t\t\t\t\t\t<td id=\"DAFOrganizationSearch\">DAF-core-organization</td>\n\t\t\t\t\t\t<td>\n\t\t\t\t\t\t\t<ul>\n\t\t\t\t\t\t\t\t<li>\n                  None\n                </li>\n\t\t\t\t\t\t\t</ul>\n\t\t\t\t\t\t</td>\n\t\t\t\t\t</tr>\n\t\t\t\t\t<tr>\n\t\t\t\t\t\t<td id=\"DAFPractSearch\">DAF-core-pract</td>\n\t\t\t\t\t\t<td>\n\t\t\t\t\t\t\t<ul>\n\t\t\t\t\t\t\t\t<li>\n                  None\n                </li>\n\t\t\t\t\t\t\t</ul>\n\t\t\t\t\t\t</td>\n\t\t\t\t\t</tr>\n\t\t\t\t\t<tr>\n\t\t\t\t\t\t<td id=\"DAFProcedureSearch\">DAF-core-procedure</td>\n\t\t\t\t\t\t<td>\n\t\t\t\t\t\t\t<ul>\n\t\t\t\t\t\t\t\t<li>\n\t\t\t\t\t\t\t\t\t<a href=\"http://hl7-fhir.github.io/procedure.html#search\">patient</a> and <a href=\"http://hl7-fhir.github.io/procedure.html#search\"> date </a> - Search for Procedure by patient and date\n                </li>\n\t\t\t\t\t\t\t</ul>\n\t\t\t\t\t\t</td>\n\t\t\t\t\t</tr>\n\t\t\t\t</tbody>\n\t\t\t</table>\n\t\t\t<br/>\n\t\t\t<br/>\n\t\t\t<h3>DAF-Core Resource Specific Operations</h3>\n\t\t\t<p>DAF Responders SHALL support Patient/$everything operation to return data for all the DAF-core profiles they support.</p>\n\t\t</div>"
  },
  "name": "DAF Responder",
  "status": "draft",
  "date": "2016-08-10",
  "publisher": "U.S. Office of the National Coordinator (ONC)",
  "contact": [
    {
      "telecom": [
        {
          "system": "other",
          "value": "http://www.healthit.gov/"
        }
      ]
    }
  ],
  "description": "This profile defines the expected capabilities of the DAF Responder actor when conforming to the DAF-Core IG.",
  "kind": "requirements",
  "fhirVersion": "1.7.0",
  "acceptUnknown": "extensions",
  "format": [
    "xml",
    "json"
  ],
  "profile": [
    {
      "reference": "http://hl7.org/fhir/current/daf/daf-core-allergyintolerance.html"
    },
    {
      "reference": "http://hl7.org/fhir/current/daf/daf-core-careplan.html"
    },
    {
      "reference": "http://hl7.org/fhir/current/daf/daf-core-condition.html"
    },
    {
      "reference": "http://hl7.org/fhir/current/daf/daf-core-device.html"
    },
    {
      "reference": "http://hl7.org/fhir/current/daf/daf-core-goal.html"
    },
    {
      "reference": "http://hl7.org/fhir/current/daf/daf-core-immunization.html"
    },
    {
      "reference": "http://hl7.org/fhir/current/daf/daf-core-diagnosticreport.html"
    },
    {
      "reference": "http://hl7.org/fhir/current/daf/daf-core-resultobs.html"
    },
    {
      "reference": "http://hl7.org/fhir/current/daf/daf-core-location.html"
    },
    {
      "reference": "http://hl7.org/fhir/current/daf/daf-core-medication.html"
    },
    {
      "reference": "http://hl7.org/fhir/current/daf/daf-core-medicationorder.html"
    },
    {
      "reference": "http://hl7.org/fhir/current/daf/daf-core-vitalsigns.html"
    },
    {
      "reference": "http://hl7.org/fhir/current/daf/daf-core-patient.html"
    },
    {
      "reference": "http://hl7.org/fhir/current/daf/daf-core-pract.html"
    },
    {
      "reference": "http://hl7.org/fhir/current/daf/daf-core-procedure.html"
    }
  ],
  "rest": [
    {
      "mode": "server",
      "documentation": "The DAF Responder SHALL support the DAF-core-patient resource profile. In addition to the DAF-core-patient, the DAF Responder SHALL support at least one additional resource profile from the list of DAF profiles. The DAF Responder SHALL implement REST behavior according to the FHIR specification. The DAF Responder SHALL support both json and xml resource formats for all DAF interactions.",
      "security": {
        "description": "DAF Responders SHALL implement the security requirements documented in the DAF-Core IG."
      },
      "resource": [
        {
          "type": "Patient",
          "profile": {
            "reference": "http://hl7.org/fhir/current/daf/daf-core-patient.html"
          },
          "interaction": [
            {
              "extension": [
                {
                  "url": "http://hl7.org/fhir/StructureDefinition/conformance-expectation",
                  "valueCode": "SHALL"
                }
              ],
              "code": "search-type",
              "documentation": "Allows discovery of existing DAF-core-patient resources using different search criteria"
            },
            {
              "extension": [
                {
                  "url": "http://hl7.org/fhir/StructureDefinition/conformance-expectation",
                  "valueCode": "SHALL"
                }
              ],
              "code": "read",
              "documentation": "Allows retrieval of a specific DAF-core-patients by id"
            },
            {
              "extension": [
                {
                  "url": "http://hl7.org/fhir/StructureDefinition/conformance-expectation",
                  "valueCode": "SHOULD"
                }
              ],
              "code": "history-instance",
              "documentation": "Allows review of changes to DAF-core-patient instance over time"
            },
            {
              "extension": [
                {
                  "url": "http://hl7.org/fhir/StructureDefinition/conformance-expectation",
                  "valueCode": "SHOULD"
                }
              ],
              "code": "vread",
              "documentation": "Allows retrieval of a historical version of a DAF-core-patient instance"
            }
          ],
          "searchParam": [
            {
              "extension": [
                {
                  "url": "http://hl7.org/fhir/StructureDefinition/conformance-expectation",
                  "valueCode": "SHALL"
                }
              ],
              "name": "name",
              "definition": "http://hl7.org/fhir/SearchParameter/Patient-name",
              "type": "string"
            },
            {
              "extension": [
                {
                  "url": "http://hl7.org/fhir/StructureDefinition/conformance-expectation",
                  "valueCode": "SHALL"
                }
              ],
              "name": "family",
              "definition": "http://hl7.org/fhir/SearchParameter/Patient-family",
              "type": "string"
            },
            {
              "extension": [
                {
                  "url": "http://hl7.org/fhir/StructureDefinition/conformance-expectation",
                  "valueCode": "SHALL"
                }
              ],
              "name": "given",
              "definition": "http://hl7.org/fhir/SearchParameter/Patient-given",
              "type": "string"
            },
            {
              "extension": [
                {
                  "url": "http://hl7.org/fhir/StructureDefinition/conformance-expectation",
                  "valueCode": "SHALL"
                }
              ],
              "name": "identifier",
              "definition": "http://hl7.org/fhir/SearchParameter/Patient-identifier",
              "type": "token"
            },
            {
              "extension": [
                {
                  "url": "http://hl7.org/fhir/StructureDefinition/conformance-expectation",
                  "valueCode": "SHALL"
                }
              ],
              "name": "gender",
              "definition": "http://hl7.org/fhir/SearchParameter/Patient-gender",
              "type": "token"
            },
            {
              "extension": [
                {
                  "url": "http://hl7.org/fhir/StructureDefinition/conformance-expectation",
                  "valueCode": "SHALL"
                }
              ],
              "name": "birthdate",
              "definition": "http://hl7.org/fhir/SearchParameter/Patient-birthdate",
              "type": "date"
            }
          ]
        },
        {
          "type": "AllergyIntolerance",
          "profile": {
            "reference": "http://hl7.org/fhir/current/daf/daf-core-allergyintolerance.html"
          },
          "interaction": [
            {
              "extension": [
                {
                  "url": "http://hl7.org/fhir/StructureDefinition/conformance-expectation",
                  "valueCode": "SHALL"
                }
              ],
              "code": "search-type",
              "documentation": "Allows discovery of existing DAF-core-AllergyIntolerance resources using different search criteria"
            },
            {
              "extension": [
                {
                  "url": "http://hl7.org/fhir/StructureDefinition/conformance-expectation",
                  "valueCode": "SHALL"
                }
              ],
              "code": "read",
              "documentation": "Allows retrieval of a specific DAF-core-AllergyIntolerance by id"
            },
            {
              "extension": [
                {
                  "url": "http://hl7.org/fhir/StructureDefinition/conformance-expectation",
                  "valueCode": "SHOULD"
                }
              ],
              "code": "history-instance",
              "documentation": "Allows review of changes to DAF-core-AllergyIntolerance instance over time"
            },
            {
              "extension": [
                {
                  "url": "http://hl7.org/fhir/StructureDefinition/conformance-expectation",
                  "valueCode": "SHOULD"
                }
              ],
              "code": "vread",
              "documentation": "Allows retrieval of a historical version of a DAF-core-AllergyIntolerance instance"
            }
          ],
          "searchParam": [
            {
              "extension": [
                {
                  "url": "http://hl7.org/fhir/StructureDefinition/conformance-expectation",
                  "valueCode": "SHALL"
                }
              ],
              "name": "patient",
              "type": "reference"
            }
          ]
        },
        {
          "type": "CarePlan",
          "profile": {
            "reference": "http://hl7.org/fhir/current/daf/daf-core-careplan.html"
          },
          "interaction": [
            {
              "extension": [
                {
                  "url": "http://hl7.org/fhir/StructureDefinition/conformance-expectation",
                  "valueCode": "SHALL"
                }
              ],
              "code": "search-type",
              "documentation": "Allows discovery of existing DAF-core-careplan resources using different search criteria"
            },
            {
              "extension": [
                {
                  "url": "http://hl7.org/fhir/StructureDefinition/conformance-expectation",
                  "valueCode": "SHALL"
                }
              ],
              "code": "read",
              "documentation": "Allows retrieval of a specific DAF-core-careplan by id"
            },
            {
              "extension": [
                {
                  "url": "http://hl7.org/fhir/StructureDefinition/conformance-expectation",
                  "valueCode": "SHOULD"
                }
              ],
              "code": "history-instance",
              "documentation": "Allows review of changes to DAF-core-careplan instance over time"
            },
            {
              "extension": [
                {
                  "url": "http://hl7.org/fhir/StructureDefinition/conformance-expectation",
                  "valueCode": "SHOULD"
                }
              ],
              "code": "vread",
              "documentation": "Allows retrieval of a historical version of a DAF-core-careplan instance"
            }
          ],
          "searchParam": [
            {
              "extension": [
                {
                  "url": "http://hl7.org/fhir/StructureDefinition/conformance-expectation",
                  "valueCode": "SHALL"
                }
              ],
              "name": "patient",
              "type": "reference"
            },
            {
              "extension": [
                {
                  "url": "http://hl7.org/fhir/StructureDefinition/conformance-expectation",
                  "valueCode": "SHALL"
                }
              ],
              "name": "category",
              "type": "token"
            },
            {
              "extension": [
                {
                  "url": "http://hl7.org/fhir/StructureDefinition/conformance-expectation",
                  "valueCode": "SHALL"
                }
              ],
              "name": "status",
              "type": "token"
            },
            {
              "extension": [
                {
                  "url": "http://hl7.org/fhir/StructureDefinition/conformance-expectation",
                  "valueCode": "SHALL"
                }
              ],
              "name": "date",
              "type": "date"
            }
          ]
        },
        {
          "type": "CarePlan",
          "profile": {
            "reference": "http://hl7.org/fhir/current/daf/daf-core-careteam.html"
          },
          "interaction": [
            {
              "extension": [
                {
                  "url": "http://hl7.org/fhir/StructureDefinition/conformance-expectation",
                  "valueCode": "SHALL"
                }
              ],
              "code": "search-type",
              "documentation": "Allows discovery of existing DAF-core-careteam resources using different search criteria"
            },
            {
              "extension": [
                {
                  "url": "http://hl7.org/fhir/StructureDefinition/conformance-expectation",
                  "valueCode": "SHALL"
                }
              ],
              "code": "read",
              "documentation": "Allows retrieval of a specific DAF-core-careteam by id"
            },
            {
              "extension": [
                {
                  "url": "http://hl7.org/fhir/StructureDefinition/conformance-expectation",
                  "valueCode": "SHOULD"
                }
              ],
              "code": "history-instance",
              "documentation": "Allows review of changes to DAF-core-careteam instance over time"
            },
            {
              "extension": [
                {
                  "url": "http://hl7.org/fhir/StructureDefinition/conformance-expectation",
                  "valueCode": "SHOULD"
                }
              ],
              "code": "vread",
              "documentation": "Allows retrieval of a historical version of a DAF-core-careteam instance"
            }
          ],
          "searchParam": [
            {
              "extension": [
                {
                  "url": "http://hl7.org/fhir/StructureDefinition/conformance-expectation",
                  "valueCode": "SHALL"
                }
              ],
              "name": "patient",
              "type": "reference"
            },
            {
              "extension": [
                {
                  "url": "http://hl7.org/fhir/StructureDefinition/conformance-expectation",
                  "valueCode": "SHALL"
                }
              ],
              "name": "category",
              "type": "token"
            },
            {
              "extension": [
                {
                  "url": "http://hl7.org/fhir/StructureDefinition/conformance-expectation",
                  "valueCode": "SHALL"
                }
              ],
              "name": "status",
              "type": "token"
            }
          ]
        },
        {
          "type": "Condition",
          "profile": {
            "reference": "http://hl7.org/fhir/current/daf/daf-core-condition.html"
          },
          "interaction": [
            {
              "extension": [
                {
                  "url": "http://hl7.org/fhir/StructureDefinition/conformance-expectation",
                  "valueCode": "SHALL"
                }
              ],
              "code": "search-type",
              "documentation": "Allows discovery of existing DAF-core-condition resources using different search criteria"
            },
            {
              "extension": [
                {
                  "url": "http://hl7.org/fhir/StructureDefinition/conformance-expectation",
                  "valueCode": "SHALL"
                }
              ],
              "code": "read",
              "documentation": "Allows retrieval of a specific DAF-core-condition by id"
            },
            {
              "extension": [
                {
                  "url": "http://hl7.org/fhir/StructureDefinition/conformance-expectation",
                  "valueCode": "SHOULD"
                }
              ],
              "code": "history-instance",
              "documentation": "Allows review of changes to DAF-core-condition instance over time"
            },
            {
              "extension": [
                {
                  "url": "http://hl7.org/fhir/StructureDefinition/conformance-expectation",
                  "valueCode": "SHOULD"
                }
              ],
              "code": "vread",
              "documentation": "Allows retrieval of a historical version of a DAF-core-condition instance"
            }
          ],
          "searchParam": [
            {
              "extension": [
                {
                  "url": "http://hl7.org/fhir/StructureDefinition/conformance-expectation",
                  "valueCode": "SHALL"
                }
              ],
              "name": "patient",
              "type": "reference"
            },
            {
              "extension": [
                {
                  "url": "http://hl7.org/fhir/StructureDefinition/conformance-expectation",
                  "valueCode": "SHALL"
                }
              ],
              "name": "category",
              "type": "token"
            },
            {
              "extension": [
                {
                  "url": "http://hl7.org/fhir/StructureDefinition/conformance-expectation",
                  "valueCode": "SHALL"
                }
              ],
              "name": "clinicalstatus",
              "type": "token"
            }
          ]
        },
        {
          "type": "Device",
          "profile": {
            "reference": "http://hl7.org/fhir/current/daf/daf-core-device.html"
          },
          "interaction": [
            {
              "extension": [
                {
                  "url": "http://hl7.org/fhir/StructureDefinition/conformance-expectation",
                  "valueCode": "SHALL"
                }
              ],
              "code": "search-type",
              "documentation": "Allows discovery of existing DAF-core-device resources using different search criteria"
            },
            {
              "extension": [
                {
                  "url": "http://hl7.org/fhir/StructureDefinition/conformance-expectation",
                  "valueCode": "SHALL"
                }
              ],
              "code": "read",
              "documentation": "Allows retrieval of a specific DAF-core-device by id"
            },
            {
              "extension": [
                {
                  "url": "http://hl7.org/fhir/StructureDefinition/conformance-expectation",
                  "valueCode": "SHOULD"
                }
              ],
              "code": "history-instance",
              "documentation": "Allows review of changes to DAF-core-device instance over time"
            },
            {
              "extension": [
                {
                  "url": "http://hl7.org/fhir/StructureDefinition/conformance-expectation",
                  "valueCode": "SHOULD"
                }
              ],
              "code": "vread",
              "documentation": "Allows retrieval of a historical version of a DAF-core-device instance"
            }
          ],
          "searchParam": [
            {
              "extension": [
                {
                  "url": "http://hl7.org/fhir/StructureDefinition/conformance-expectation",
                  "valueCode": "SHALL"
                }
              ],
              "name": "patient",
              "type": "reference"
            }
          ]
        },
        {
          "type": "Goal",
          "profile": {
            "reference": "http://hl7.org/fhir/current/daf/daf-core-goal.html"
          },
          "interaction": [
            {
              "extension": [
                {
                  "url": "http://hl7.org/fhir/StructureDefinition/conformance-expectation",
                  "valueCode": "SHALL"
                }
              ],
              "code": "search-type",
              "documentation": "Allows discovery of existing DAF-core-goal resources using different search criteria"
            },
            {
              "extension": [
                {
                  "url": "http://hl7.org/fhir/StructureDefinition/conformance-expectation",
                  "valueCode": "SHALL"
                }
              ],
              "code": "read",
              "documentation": "Allows retrieval of a specific DAF-core-goal by id"
            },
            {
              "extension": [
                {
                  "url": "http://hl7.org/fhir/StructureDefinition/conformance-expectation",
                  "valueCode": "SHOULD"
                }
              ],
              "code": "history-instance",
              "documentation": "Allows review of changes to DAF-core-goal instance over time"
            },
            {
              "extension": [
                {
                  "url": "http://hl7.org/fhir/StructureDefinition/conformance-expectation",
                  "valueCode": "SHOULD"
                }
              ],
              "code": "vread",
              "documentation": "Allows retrieval of a historical version of a DAF-core-goal instance"
            }
          ],
          "searchParam": [
            {
              "extension": [
                {
                  "url": "http://hl7.org/fhir/StructureDefinition/conformance-expectation",
                  "valueCode": "SHALL"
                }
              ],
              "name": "patient",
              "type": "reference"
            },
            {
              "extension": [
                {
                  "url": "http://hl7.org/fhir/StructureDefinition/conformance-expectation",
                  "valueCode": "SHALL"
                }
              ],
              "name": "date",
              "type": "date"
            }
          ]
        },
        {
          "type": "Immunization",
          "profile": {
            "reference": "http://hl7.org/fhir/current/daf/daf-core-immunization.html"
          },
          "interaction": [
            {
              "extension": [
                {
                  "url": "http://hl7.org/fhir/StructureDefinition/conformance-expectation",
                  "valueCode": "SHALL"
                }
              ],
              "code": "search-type",
              "documentation": "Allows discovery of existing DAF-core-immunization resources using different search criteria"
            },
            {
              "extension": [
                {
                  "url": "http://hl7.org/fhir/StructureDefinition/conformance-expectation",
                  "valueCode": "SHALL"
                }
              ],
              "code": "read",
              "documentation": "Allows retrieval of a specific DAF-core-immunization by id"
            },
            {
              "extension": [
                {
                  "url": "http://hl7.org/fhir/StructureDefinition/conformance-expectation",
                  "valueCode": "SHOULD"
                }
              ],
              "code": "history-instance",
              "documentation": "Allows review of changes to DAF-core-immunization instance over time"
            },
            {
              "extension": [
                {
                  "url": "http://hl7.org/fhir/StructureDefinition/conformance-expectation",
                  "valueCode": "SHOULD"
                }
              ],
              "code": "vread",
              "documentation": "Allows retrieval of a historical version of a DAF-core-immunization instance"
            }
          ],
          "searchParam": [
            {
              "extension": [
                {
                  "url": "http://hl7.org/fhir/StructureDefinition/conformance-expectation",
                  "valueCode": "SHALL"
                }
              ],
              "name": "patient",
              "type": "reference"
            }
          ]
        },
        {
          "type": "DiagnosticReport",
          "profile": {
            "reference": "http://hl7.org/fhir/current/daf/daf-core-diagnosticreport.html"
          },
          "interaction": [
            {
              "extension": [
                {
                  "url": "http://hl7.org/fhir/StructureDefinition/conformance-expectation",
                  "valueCode": "SHALL"
                }
              ],
              "code": "search-type",
              "documentation": "Allows discovery of existing DAF-core-diagnosticreport resources using different search criteria"
            },
            {
              "extension": [
                {
                  "url": "http://hl7.org/fhir/StructureDefinition/conformance-expectation",
                  "valueCode": "SHALL"
                }
              ],
              "code": "read",
              "documentation": "Allows retrieval of a specific DAF-core-diagnosticreport by id"
            },
            {
              "extension": [
                {
                  "url": "http://hl7.org/fhir/StructureDefinition/conformance-expectation",
                  "valueCode": "SHOULD"
                }
              ],
              "code": "history-instance",
              "documentation": "Allows review of changes to DAF-core-diagnosticreport instance over time"
            },
            {
              "extension": [
                {
                  "url": "http://hl7.org/fhir/StructureDefinition/conformance-expectation",
                  "valueCode": "SHOULD"
                }
              ],
              "code": "vread",
              "documentation": "Allows retrieval of a historical version of a DAF-core-diagnosticreport instance"
            }
          ],
          "searchParam": [
            {
              "extension": [
                {
                  "url": "http://hl7.org/fhir/StructureDefinition/conformance-expectation",
                  "valueCode": "SHALL"
                }
              ],
              "name": "patient",
              "type": "reference"
            },
            {
              "extension": [
                {
                  "url": "http://hl7.org/fhir/StructureDefinition/conformance-expectation",
                  "valueCode": "SHALL"
                }
              ],
              "name": "category",
              "type": "token"
            },
            {
              "extension": [
                {
                  "url": "http://hl7.org/fhir/StructureDefinition/conformance-expectation",
                  "valueCode": "SHALL"
                }
              ],
              "name": "code",
              "type": "token"
            },
            {
              "extension": [
                {
                  "url": "http://hl7.org/fhir/StructureDefinition/conformance-expectation",
                  "valueCode": "SHALL"
                }
              ],
              "name": "date",
              "type": "date"
            }
          ]
        },
        {
          "type": "Observation",
          "profile": {
            "reference": "http://hl7.org/fhir/current/daf/daf-core-resultobs.html"
          },
          "interaction": [
            {
              "extension": [
                {
                  "url": "http://hl7.org/fhir/StructureDefinition/conformance-expectation",
                  "valueCode": "SHALL"
                }
              ],
              "code": "search-type",
              "documentation": "Allows discovery of existing DAF-core-resultobs resources using different search criteria"
            },
            {
              "extension": [
                {
                  "url": "http://hl7.org/fhir/StructureDefinition/conformance-expectation",
                  "valueCode": "SHALL"
                }
              ],
              "code": "read",
              "documentation": "Allows retrieval of a specific DAF-core-resultobs by id"
            },
            {
              "extension": [
                {
                  "url": "http://hl7.org/fhir/StructureDefinition/conformance-expectation",
                  "valueCode": "SHOULD"
                }
              ],
              "code": "history-instance",
              "documentation": "Allows review of changes to DAF-core-resultobs instance over time"
            },
            {
              "extension": [
                {
                  "url": "http://hl7.org/fhir/StructureDefinition/conformance-expectation",
                  "valueCode": "SHOULD"
                }
              ],
              "code": "vread",
              "documentation": "Allows retrieval of a historical version of a DAF-core-resultobs instance"
            }
          ],
          "searchParam": [
            {
              "extension": [
                {
                  "url": "http://hl7.org/fhir/StructureDefinition/conformance-expectation",
                  "valueCode": "SHALL"
                }
              ],
              "name": "patient",
              "type": "reference"
            },
            {
              "extension": [
                {
                  "url": "http://hl7.org/fhir/StructureDefinition/conformance-expectation",
                  "valueCode": "SHALL"
                }
              ],
              "name": "category",
              "type": "token"
            },
            {
              "extension": [
                {
                  "url": "http://hl7.org/fhir/StructureDefinition/conformance-expectation",
                  "valueCode": "SHALL"
                }
              ],
              "name": "code",
              "type": "token"
            },
            {
              "extension": [
                {
                  "url": "http://hl7.org/fhir/StructureDefinition/conformance-expectation",
                  "valueCode": "SHALL"
                }
              ],
              "name": "date",
              "type": "date"
            }
          ]
        },
        {
          "type": "MedicationStatement",
          "profile": {
            "reference": "http://hl7.org/fhir/current/daf/daf-core-medicationstatement.html"
          },
          "interaction": [
            {
              "extension": [
                {
                  "url": "http://hl7.org/fhir/StructureDefinition/conformance-expectation",
                  "valueCode": "SHALL"
                }
              ],
              "code": "search-type",
              "documentation": "Allows discovery of existing DAF-core-medicationstatement resources using different search criteria"
            },
            {
              "extension": [
                {
                  "url": "http://hl7.org/fhir/StructureDefinition/conformance-expectation",
                  "valueCode": "SHALL"
                }
              ],
              "code": "read",
              "documentation": "Allows retrieval of a specific DAF-core-medicationstatement by id"
            },
            {
              "extension": [
                {
                  "url": "http://hl7.org/fhir/StructureDefinition/conformance-expectation",
                  "valueCode": "SHOULD"
                }
              ],
              "code": "history-instance",
              "documentation": "Allows review of changes to DAF-core-medicationstatement instance over time"
            },
            {
              "extension": [
                {
                  "url": "http://hl7.org/fhir/StructureDefinition/conformance-expectation",
                  "valueCode": "SHOULD"
                }
              ],
              "code": "vread",
              "documentation": "Allows retrieval of a historical version of a DAF-core-medicationstatement instance"
            }
          ],
          "searchParam": [
            {
              "extension": [
                {
                  "url": "http://hl7.org/fhir/StructureDefinition/conformance-expectation",
                  "valueCode": "SHALL"
                }
              ],
              "name": "patient",
              "type": "reference"
            }
          ]
        },
        {
          "type": "MedicationOrder",
          "profile": {
            "reference": "http://hl7.org/fhir/current/daf/daf-core-medicationorder.html"
          },
          "interaction": [
            {
              "extension": [
                {
                  "url": "http://hl7.org/fhir/StructureDefinition/conformance-expectation",
                  "valueCode": "SHALL"
                }
              ],
              "code": "search-type",
              "documentation": "Allows discovery of existing DAF-core-medicationorder resources using different search criteria"
            },
            {
              "extension": [
                {
                  "url": "http://hl7.org/fhir/StructureDefinition/conformance-expectation",
                  "valueCode": "SHALL"
                }
              ],
              "code": "read",
              "documentation": "Allows retrieval of a specific DAF-core-medicationorder by id"
            },
            {
              "extension": [
                {
                  "url": "http://hl7.org/fhir/StructureDefinition/conformance-expectation",
                  "valueCode": "SHOULD"
                }
              ],
              "code": "history-instance",
              "documentation": "Allows review of changes to DAF-core-medicationorder instance over time"
            },
            {
              "extension": [
                {
                  "url": "http://hl7.org/fhir/StructureDefinition/conformance-expectation",
                  "valueCode": "SHOULD"
                }
              ],
              "code": "vread",
              "documentation": "Allows retrieval of a historical version of a DAF-core-medicationorder instance"
            }
          ],
          "searchParam": [
            {
              "extension": [
                {
                  "url": "http://hl7.org/fhir/StructureDefinition/conformance-expectation",
                  "valueCode": "SHALL"
                }
              ],
              "name": "patient",
              "type": "reference"
            }
          ]
        },
        {
          "type": "Observation",
          "profile": {
            "reference": "http://hl7.org/fhir/current/daf/daf-core-smokingstatus.html"
          },
          "interaction": [
            {
              "extension": [
                {
                  "url": "http://hl7.org/fhir/StructureDefinition/conformance-expectation",
                  "valueCode": "SHALL"
                }
              ],
              "code": "search-type",
              "documentation": "Allows discovery of existing DAF-core-smokingstatus resources using different search criteria"
            },
            {
              "extension": [
                {
                  "url": "http://hl7.org/fhir/StructureDefinition/conformance-expectation",
                  "valueCode": "SHALL"
                }
              ],
              "code": "read",
              "documentation": "Allows retrieval of a specific DAF-core-smokingstatus by id"
            },
            {
              "extension": [
                {
                  "url": "http://hl7.org/fhir/StructureDefinition/conformance-expectation",
                  "valueCode": "SHOULD"
                }
              ],
              "code": "history-instance",
              "documentation": "Allows review of changes to DAF-core-smokingstatus instance over time"
            },
            {
              "extension": [
                {
                  "url": "http://hl7.org/fhir/StructureDefinition/conformance-expectation",
                  "valueCode": "SHOULD"
                }
              ],
              "code": "vread",
              "documentation": "Allows retrieval of a historical version of a DAF-core-smokingstatus instance"
            }
          ],
          "searchParam": [
            {
              "extension": [
                {
                  "url": "http://hl7.org/fhir/StructureDefinition/conformance-expectation",
                  "valueCode": "SHALL"
                }
              ],
              "name": "patient",
              "type": "reference"
            },
            {
              "extension": [
                {
                  "url": "http://hl7.org/fhir/StructureDefinition/conformance-expectation",
                  "valueCode": "SHALL"
                }
              ],
              "name": "code",
              "type": "token"
            }
          ]
        },
        {
          "type": "Observation",
          "profile": {
            "reference": "http://hl7.org/fhir/current/daf/daf-core-vitalsigns.html"
          },
          "interaction": [
            {
              "extension": [
                {
                  "url": "http://hl7.org/fhir/StructureDefinition/conformance-expectation",
                  "valueCode": "SHALL"
                }
              ],
              "code": "search-type",
              "documentation": "Allows discovery of existing DAF-core-vitalsigns resources using different search criteria"
            },
            {
              "extension": [
                {
                  "url": "http://hl7.org/fhir/StructureDefinition/conformance-expectation",
                  "valueCode": "SHALL"
                }
              ],
              "code": "read",
              "documentation": "Allows retrieval of a specific DAF-core-vitalsigns by id"
            },
            {
              "extension": [
                {
                  "url": "http://hl7.org/fhir/StructureDefinition/conformance-expectation",
                  "valueCode": "SHOULD"
                }
              ],
              "code": "history-instance",
              "documentation": "Allows review of changes to DAF-core-vitalsigns instance over time"
            },
            {
              "extension": [
                {
                  "url": "http://hl7.org/fhir/StructureDefinition/conformance-expectation",
                  "valueCode": "SHOULD"
                }
              ],
              "code": "vread",
              "documentation": "Allows retrieval of a historical version of a DAF-core-vitalsigns instance"
            }
          ],
          "searchParam": [
            {
              "extension": [
                {
                  "url": "http://hl7.org/fhir/StructureDefinition/conformance-expectation",
                  "valueCode": "SHALL"
                }
              ],
              "name": "patient",
              "type": "reference"
            },
            {
              "extension": [
                {
                  "url": "http://hl7.org/fhir/StructureDefinition/conformance-expectation",
                  "valueCode": "SHALL"
                }
              ],
              "name": "category",
              "type": "token"
            },
            {
              "extension": [
                {
                  "url": "http://hl7.org/fhir/StructureDefinition/conformance-expectation",
                  "valueCode": "SHALL"
                }
              ],
              "name": "code",
              "type": "token"
            },
            {
              "extension": [
                {
                  "url": "http://hl7.org/fhir/StructureDefinition/conformance-expectation",
                  "valueCode": "SHALL"
                }
              ],
              "name": "date",
              "type": "date"
            }
          ]
        },
        {
          "type": "Procedure",
          "profile": {
            "reference": "http://hl7.org/fhir/current/daf/daf-core-procedure.html"
          },
          "interaction": [
            {
              "extension": [
                {
                  "url": "http://hl7.org/fhir/StructureDefinition/conformance-expectation",
                  "valueCode": "SHALL"
                }
              ],
              "code": "search-type",
              "documentation": "Allows discovery of existing DAF-core-procedure resources using different search criteria"
            },
            {
              "extension": [
                {
                  "url": "http://hl7.org/fhir/StructureDefinition/conformance-expectation",
                  "valueCode": "SHALL"
                }
              ],
              "code": "read",
              "documentation": "Allows retrieval of a specific DAF-core-procedure by id"
            },
            {
              "extension": [
                {
                  "url": "http://hl7.org/fhir/StructureDefinition/conformance-expectation",
                  "valueCode": "SHOULD"
                }
              ],
              "code": "history-instance",
              "documentation": "Allows review of changes to DAF-core-procedure instance over time"
            },
            {
              "extension": [
                {
                  "url": "http://hl7.org/fhir/StructureDefinition/conformance-expectation",
                  "valueCode": "SHOULD"
                }
              ],
              "code": "vread",
              "documentation": "Allows retrieval of a historical version of a DAF-core-procedure instance"
            }
          ],
          "searchParam": [
            {
              "extension": [
                {
                  "url": "http://hl7.org/fhir/StructureDefinition/conformance-expectation",
                  "valueCode": "SHALL"
                }
              ],
              "name": "patient",
              "type": "reference"
            },
            {
              "extension": [
                {
                  "url": "http://hl7.org/fhir/StructureDefinition/conformance-expectation",
                  "valueCode": "SHALL"
                }
              ],
              "name": "date",
              "type": "date"
            }
          ]
        }
      ],
      "operation": [
        {
          "name": "patient-everything",
          "definition": {
            "reference": "http://hl7.org/fhir/OperationDefinition/patient-everything"
          }
        }
      ]
    }
  ]
}