{
  "resourceType": "ValueSet",
  "id": "daf-problem-type",
  "url": "http://hl7.org/fhir/us/daf/ValueSet/daf-problem-type",
  "identifier": [
    {
      "system": "urn:ietf:rfc:3986",
      "value": "urn:oid:2.16.840.1.113883.3.88.12.3221.7.2"
    }
  ],
  "name": "Problem Type Value Set",
  "status": "active",
  "publisher": "PHIN VADS",
  "contact": [
    {
      "telecom": [
        {
          "system": "other",
          "value": "https://phinvads.cdc.gov/vads/ViewValueSet.action?id=71FDBFB5-A277-DE11-9B52-0015173D1785"
        }
      ]
    }
  ],
  "date": "2016-08-26T20:02:43-07:00",
  "description": "The SNOMED CT® has been limited by HITSP to the value set reproduced below in Table 2-60 Problem Type Value Set Definition. This indicates the level of medical judgment used to determine the existence of a problem",
  "copyright": "This value set includes content from SNOMED CT, which is copyright © 2002+ International Health Terminology Standards Development Organisation (IHTSDO), and distributed by agreement between IHTSDO and HL7. Implementer use of SNOMED CT is not covered by this agreement",
  "compose": {
    "include": [
      {
        "system": "http://snomed.info/sct",
        "concept": [
          {
            "code": "404684003",
            "display": "Finding"
          },
          {
            "code": "409586006",
            "display": "Complaint"
          },
          {
            "code": "282291009",
            "display": "Diagnosis"
          },
          {
            "code": "64572001",
            "display": "Condition"
          },
          {
            "code": "248536006",
            "display": "Functional limitation"
          },
          {
            "code": "418799008",
            "display": "Symptom"
          },
          {
            "code": "55607006",
            "display": "Problem"
          }
        ]
      }
    ]
  }
}