{
  "resourceType": "ValueSet",
  "id": "daf-condition-category",
  "url": "http://hl7.org/fhir/us/daf/ValueSet/daf-condition-category",
  "name": "DAF Condition Category Codes",
  "status": "draft",
  "publisher": "HL7 (FHIR Project)",
  "date": "2016-08-10",
  "description": "The DAF Condition Category Codes support the separate concepts of problems and health concerns in Condition.category in order for API consumers to be able to separate health concerns and problems. However this is not mandatory for 2015 certification",
  "requirements": "So API consumers can separate health concerns and problems.",
  "compose": {
    "include": [
      {
        "system": "http://hl7.org/fhir/condition-category"
      },
      {
        "system": "http://hl7.org/fhir/us/daf/CodeSystem/daf-condition-category",
        "concept": [
          {
            "code": "problem",
            "display": "Problem"
          },
          {
            "code": "health-concern",
            "display": "Health Concern"
          }
        ]
      }
    ]
  }
}