{
  "resourceType": "ValueSet",
  "id": "daf-careteam-status",
  "url": "http://hl7.org/fhir/us/daf/ValueSet/daf-careteam-status",
  "name": "CareTeamStatus",
  "status": "draft",
  "publisher": "HL7 (FHIR Project)",
  "date": "2016-09-24T10:23:24-07:00",
  "description": "Indicates whether the team is current , represents future intentions or is now a historical record.",
  "compose": {
    "include": [
      {
        "system": "http://hl7.org/fhir/us/daf/CodeSystem/daf-careteam-status"
      }
    ]
  }
}