{
  "resourceType": "ValueSet",
  "id": "daf-core-substance-ndfrt",
  "meta": {
    "lastUpdated": "2016-05-25T16:59:08.250+10:00"
  },
  "url": "http://hl7.org/fhir/us/daf/ValueSet/daf-core-substance-ndfrt",
  "identifier": [
    {
      "system": "urn:ietf:rfc:3986",
      "value": "urn:oid:2.16.840.1.113883.3.88.12.80.18"
    }
  ],
  "name": "DAF Core Substance ND-FRT codes",
  "status": "draft",
  "publisher": "FHIR Project team",
  "contact": [
    {
      "telecom": [
        {
          "system": "other",
          "value": "http://hl7.org/fhir"
        }
      ]
    }
  ],
  "date": "2016-10-16T12:20:53-07:00",
  "description": "All ND-FRT NUIs for concepts that are subsumed by 'Mechanism of Action - N0000000223', 'Physiologic Effect - N0000009802' or 'Chemical Structure - N0000000002'.",
  "compose": {
    "include": [
      {
        "system": "http://hl7.org/fhir/ndfrt",
        "filter": [
          {
            "property": "concept",
            "op": "is-a",
            "value": "N0000000223"
          }
        ]
      },
      {
        "system": "http://hl7.org/fhir/ndfrt",
        "filter": [
          {
            "property": "concept",
            "op": "is-a",
            "value": "N0000009802"
          }
        ]
      },
      {
        "system": "http://hl7.org/fhir/ndfrt",
        "filter": [
          {
            "property": "concept",
            "op": "is-a",
            "value": "N0000000002"
          }
        ]
      }
    ]
  }
}