{
  "resourceType": "ValueSet",
  "id": "daf-ucum-vitals-common",
  "meta": {
    "lastUpdated": "2016-05-25T16:59:08.250+10:00",
    "profile": [
      "http://hl7.org/fhir/StructureDefinition/valueset-shareable-definition"
    ]
  },
  "text": {
    "status": "generated",
    "div": "<div xmlns=\"http://www.w3.org/1999/xhtml\">\n      \n      \n      \n      <h2>Common UCUM units for recording Vital Signs</h2>\n      \n      \n      \n      <p>Commonly encountered UCUM units for recording Vital Signs. Suggested units for the value set: http://hl7.org/fhir/ValueSet/observation-CCDAVitalSignResult</p>\n      \n      \n      \n      <p>\n        \n        \n        \n        <b>Copyright Statement:</b> UCUM is Copyright © 1999-2013 Regenstrief Institute, Inc. and The UCUM Organization, Indianapolis, IN. All rights reserved. See http://unitsofmeasure.org/trac//wiki/TermsOfUse for details\n      \n      \n      \n      </p>\n      \n      \n      \n      <p>This value set includes codes defined in other code systems, using the following rules:</p>\n      \n      \n      \n      <ul>\n        \n        \n        \n        <li>Include these codes as defined in http://unitsofmeasure.org\n          \n          \n          \n          <table>\n            \n            \n            \n            <tr>\n              \n              \n              \n              <td>\n                \n                \n                \n                <b>Code</b>\n              \n              \n              \n              </td>\n              \n              \n              \n              <td>\n                \n                \n                \n                <b>Display</b>\n              \n              \n              \n              </td>\n            \n            \n            \n            </tr>\n            \n            \n            \n            <tr>\n              \n              \n              \n              <td>%</td>\n              \n              \n              \n              <td>percent</td>\n              \n              \n              \n              <td/>\n            \n            \n            \n            </tr>\n            \n            \n            \n            <tr>\n              \n              \n              \n              <td>cm</td>\n              \n              \n              \n              <td>centimeter</td>\n              \n              \n              \n              <td/>\n            \n            \n            \n            </tr>\n            \n            \n            \n            <tr>\n              \n              \n              \n              <td>/kg</td>\n              \n              \n              \n              <td>per kilogram</td>\n              \n              \n              \n              <td/>\n            \n            \n            \n            </tr>\n            \n            \n            \n            <tr>\n              \n              \n              \n              <td>Cel</td>\n              \n              \n              \n              <td>degree Celsius</td>\n              \n              \n              \n              <td/>\n            \n            \n            \n            </tr>\n            \n            \n            \n            <tr>\n              \n              \n              \n              <td>mm[Hg]</td>\n              \n              \n              \n              <td>millimeter of mercury</td>\n              \n              \n              \n              <td/>\n            \n            \n            \n            </tr>\n            \n            \n            \n            <tr>\n              \n              \n              \n              <td>/min</td>\n              \n              \n              \n              <td>per minute</td>\n              \n              \n              \n              <td/>\n            \n            \n            \n            </tr>\n            \n            \n            \n            <tr>\n              \n              \n              \n              <td>kg/m2</td>\n              \n              \n              \n              <td>kilogram / (meter ^ 2)</td>\n              \n              \n              \n              <td/>\n            \n            \n            \n            </tr>\n            \n            \n            \n            <tr>\n              \n              \n              \n              <td>/m2</td>\n              \n              \n              \n              <td>per square meter</td>\n              \n              \n              \n              <td/>\n            \n            \n            \n            </tr>\n          \n          \n          \n          </table>\n        \n        \n        \n        </li>\n      \n      \n      \n      </ul>\n      \n      \n      \n      <p>The UCUM codes, UCUM table (regardless of format), and UCUM Specification are copyright © 1999-2009, Regenstrief Institute, Inc. and the Unified Codes for Units of Measures (UCUM) Organization. All rights reserved</p>\n    \n    \n    \n    </div>"
  },
  "url": "http://hl7.org/fhir/us/daf/ValueSet/daf-ucum-vitals-common",
  "identifier": [
    {
      "system": "urn:ietf:rfc:3986",
      "value": "urn:oid:2.16.840.1.113883.4.642.2.601"
    }
  ],
  "version": "1.6.0",
  "name": "Common UCUM units",
  "status": "draft",
  "experimental": true,
  "publisher": "FHIR Project",
  "contact": [
    {
      "telecom": [
        {
          "system": "other",
          "value": "http://hl7.org/fhir"
        },
        {
          "system": "email",
          "value": "fhir@lists.hl7.org"
        }
      ]
    }
  ],
  "date": "2016-05-25T16:59:08+10:00",
  "description": "Common UCUM units for recording Vital Signs",
  "copyright": "UCUM is Copyright © 1999-2013 Regenstrief Institute, Inc. and The UCUM Organization, Indianapolis, IN. All rights reserved. See http://unitsofmeasure.org/trac//wiki/TermsOfUse for details",
  "extensible": true,
  "compose": {
    "include": [
      {
        "system": "http://unitsofmeasure.org",
        "concept": [
          {
            "code": "%",
            "display": "percent"
          },
          {
            "code": "cm",
            "display": "centimeter"
          },
          {
            "code": "kg",
            "display": "kilogram"
          },
          {
            "code": "Cel",
            "display": "degree Celsius"
          },
          {
            "code": "mm[Hg]",
            "display": "millimeter of mercury"
          },
          {
            "code": "/min",
            "display": "per minute"
          },
          {
            "code": "kg/m2",
            "display": "kilogram / (meter ^ 2)"
          },
          {
            "code": "m2",
            "display": "square meter"
          }
        ]
      }
    ]
  }
}