{
  "resourceType": "ValueSet",
  "id": "daf-encounter-dischargedisposition",
  "meta": {
    "lastUpdated": "2016-05-25T16:59:08.250+10:00",
    "profile": [
      "http://hl7.org/fhir/StructureDefinition/valueset-shareable-definition"
    ]
  },
  "text": {
    "status": "generated",
    "div": "<div xmlns=\"http://www.w3.org/1999/xhtml\">\n      <h2>DAF Encounter Discharge Disposition</h2>\n      <p>Discharge Disposition - NUBC manual UB-04, UB form locator 17</p>\n      <p>This value set includes codes from the following code systems:</p>\n      <ul>\n        <li>Include all codes defined in http://www.nubc.org/patient-discharge</li>\n      </ul>\n    </div>"
  },
  "url": "http://hl7.org/fhir/us/daf/ValueSet/daf-encounter-dischargedisposition",
  "identifier": [
    {
      "system": "urn:ietf:rfc:3986",
      "value": "urn:oid:2.16.840.1.113883.4.642.2.592"
    }
  ],
  "version": "1.6.0",
  "name": "DAF Encounter Discharge Disposition",
  "status": "draft",
  "experimental": true,
  "publisher": "FHIR Project team",
  "contact": [
    {
      "telecom": [
        {
          "system": "other",
          "value": "http://hl7.org/fhir"
        }
      ]
    }
  ],
  "date": "2016-05-25T16:59:08+10:00",
  "description": "Discharge Disposition - NUBC manual UB-04, UB form locator 17",
  "compose": {
    "include": [
      {
        "system": "http://www.nubc.org/patient-discharge"
      }
    ]
  }
}