{
  "resourceType": "ValueSet",
  "id": "daf-substance-unii",
  "meta": {
    "lastUpdated": "2016-05-25T16:59:08.250+10:00"
  },
  "text": {
    "status": "generated",
    "div": "<div xmlns=\"http://www.w3.org/1999/xhtml\">\n      <h2>DAF Substance UNII Codes</h2>\n      <p>All UNII codes.</p>\n      <p>This value set includes codes from the following code systems:</p>\n      <ul>\n        <li>Include all codes defined in http://fdasis.nlm.nih.gov</li>\n      </ul>\n    </div>"
  },
  "url": "http://hl7.org/fhir/us/daf/ValueSet/daf-substance-unii",
  "identifier": [
    {
      "system": "urn:ietf:rfc:3986",
      "value": "urn:oid:2.16.840.1.113883.3.88.12.80.20"
    }
  ],
  "name": "DAF Substance UNII Codes",
  "status": "draft",
  "publisher": "FHIR Project team",
  "contact": [
    {
      "telecom": [
        {
          "system": "other",
          "value": "http://hl7.org/fhir"
        }
      ]
    }
  ],
  "date": "2016-08-26T20:02:43-07:00",
  "description": "All UNII codes.",
  "compose": {
    "include": [
      {
        "system": "http://fdasis.nlm.nih.gov"
      }
    ]
  }
}