{
  "resourceType": "ValueSet",
  "id": "daf-core-narrative-status",
  "url": "http://hl7.org/fhir/us/daf/ValueSet/daf-core-narrative-status",
  "name": "Narrative Status",
  "status": "draft",
  "publisher": "FHIR Project Team",
  "contact": [
    {
      "telecom": [
        {
          "system": "other",
          "value": "http://hl7.org/fhir"
        }
      ]
    }
  ],
  "date": "2016-09-24T10:23:24-07:00",
  "description": "This value set limits the text status for the resource narrative.",
  "copyright": "HL7",
  "compose": {
    "include": [
      {
        "system": "http://hl7.org/fhir/narrative-status",
        "concept": [
          {
            "code": "additional",
            "display": "additional"
          },
          {
            "code": "generated",
            "display": "generated"
          }
        ]
      }
    ]
  }
}