{
  "resourceType": "ValueSet",
  "id": "daf-substance-rxnorm",
  "meta": {
    "lastUpdated": "2016-05-25T16:59:08.250+10:00"
  },
  "text": {
    "status": "generated",
    "div": "<div xmlns=\"http://www.w3.org/1999/xhtml\">\n      <h2>DAF Substance RxNorm Codes</h2>\n      <p>All RxNorm codes that have TTY = IN,PIN,MIN,BN, but TTY != OCD.</p>\n      <p>This value set includes codes from the following code systems:</p>\n      <ul>\n        <li>Include codes from http://www.nlm.nih.gov/research/umls/rxnorm where TTY  in  IN,PIN,MIN,BN</li>\n        <li>Exclude codes from http://www.nlm.nih.gov/research/umls/rxnorm where TTY  =  OCD</li>\n      </ul>\n    </div>"
  },
  "url": "http://hl7.org/fhir/us/daf/ValueSet/daf-substance-rxnorm",
  "identifier": [
    {
      "system": "urn:ietf:rfc:3986",
      "value": "urn:oid:2.16.840.1.113762.1.4.1010.7"
    }
  ],
  "name": "DAF Substance RxNorm Codes",
  "status": "draft",
  "publisher": "FHIR Project team",
  "contact": [
    {
      "telecom": [
        {
          "system": "other",
          "value": "http://hl7.org/fhir"
        }
      ]
    }
  ],
  "date": "2016-10-16T12:20:53-07:00",
  "description": "All RxNorm codes that have TTY = IN,PIN,MIN,BN, but TTY != OCD.",
  "compose": {
    "include": [
      {
        "system": "http://www.nlm.nih.gov/research/umls/rxnorm",
        "filter": [
          {
            "property": "TTY",
            "op": "in",
            "value": "IN,PIN,MIN,BN"
          }
        ]
      }
    ],
    "exclude": [
      {
        "system": "http://www.nlm.nih.gov/research/umls/rxnorm",
        "filter": [
          {
            "property": "TTY",
            "op": "=",
            "value": "OCD"
          }
        ]
      }
    ]
  }
}