{
  "resourceType": "ValueSet",
  "id": "daf-problem",
  "meta": {
    "lastUpdated": "2016-05-25T16:59:08.250+10:00",
    "profile": [
      "http://hl7.org/fhir/StructureDefinition/valueset-shareable-definition"
    ]
  },
  "text": {
    "status": "generated",
    "div": "<div xmlns=\"http://www.w3.org/1999/xhtml\">\n      <h2>Problem Value Set</h2>\n      <p>This describes the problem. Diagnosis/Problem List is broadly defined as a series of brief statements that catalog a patient's medical, nursing, dental, social, preventative and psychiatric events and issues that are relevant to that patient's healthcare (e.g., signs, symptoms, and defined conditions)</p>\n      <p>\n        <b>Copyright Statement:</b> This value set includes content from SNOMED CT, which is copyright © 2002+ International Health Terminology Standards Development Organisation (IHTSDO), and distributed by agreement between IHTSDO and HL7. Implementer use of SNOMED CT is not covered by this agreement\n      </p>\n      <p>This value set includes codes from the following code systems:</p>\n      <ul>\n        <li>Include codes from http://snomed.info/sct where concept  is-a  404684003</li>\n        <li>Include codes from http://snomed.info/sct where concept  is-a  243796009</li>\n      </ul>\n    </div>"
  },
  "url": "http://hl7.org/fhir/us/daf/ValueSet/daf-problem",
  "identifier": [
    {
      "system": "urn:ietf:rfc:3986",
      "value": "urn:oid:2.16.840.1.113883.3.88.12.3221.7.4"
    }
  ],
  "version": "1.6.0",
  "name": "Problem Value Set",
  "status": "active",
  "experimental": true,
  "publisher": "PHIN VADS",
  "contact": [
    {
      "telecom": [
        {
          "system": "other",
          "value": "http://phinvads.cdc.gov/vads/ViewValueSet.action?oid=2.16.840.1.113883.3.88.12.3221.7.4"
        }
      ]
    }
  ],
  "date": "2016-05-25T16:59:08+10:00",
  "description": "This describes the problem. Diagnosis/Problem List is broadly defined as a series of brief statements that catalog a patient's medical, nursing, dental, social, preventative and psychiatric events and issues that are relevant to that patient's healthcare (e.g., signs, symptoms, and defined conditions)",
  "copyright": "This value set includes content from SNOMED CT, which is copyright © 2002+ International Health Terminology Standards Development Organisation (IHTSDO), and distributed by agreement between IHTSDO and HL7. Implementer use of SNOMED CT is not covered by this agreement",
  "compose": {
    "include": [
      {
        "system": "http://snomed.info/sct",
        "filter": [
          {
            "property": "concept",
            "op": "is-a",
            "value": "404684003"
          }
        ]
      },
      {
        "system": "http://snomed.info/sct",
        "filter": [
          {
            "property": "concept",
            "op": "is-a",
            "value": "243796009"
          }
        ]
      }
    ]
  }
}